{"type": "FeatureCollection", "features": [{"type": "Feature", "geometry": {"type": "Point", "coordinates": [69.12, 34.4675]}, "properties": {"name": "National Museum of Afghanistan", "city": "Kabul", "country": "Afghanistan", "cc": "AF", "wikis": 33, "rank": 1}}, {"type": "Feature", "geometry": {"type": "Point", "coordinates": [69.16, 34.503]}, "properties": {"name": "Gardens of Babur", "city": "Kabul", "country": "Afghanistan", "cc": "AF", "wikis": 31, "rank": 2}}, {"type": "Feature", "geometry": {"type": "Point", "coordinates": [69.10894, 34.4648]}, "properties": {"name": "Darul Aman Palace", "city": "Kabul", "country": "Afghanistan", "cc": "AF", "wikis": 28, "rank": 3}}, {"type": "Feature", "geometry": {"type": "Point", "coordinates": [19.81972, 41.32833]}, "properties": {"name": "National Library of Albania", "city": "Tirana", "country": "Albania", "cc": "AL", "wikis": 39, "rank": 1}}, {"type": "Feature", "geometry": {"type": "Point", "coordinates": [19.81936, 41.32781]}, "properties": {"name": "Et'hem Bey Mosque", "city": "Tirana", "country": "Albania", "cc": "AL", "wikis": 31, "rank": 2}}, {"type": "Feature", "geometry": {"type": "Point", "coordinates": [19.81846, 41.32791]}, "properties": {"name": "Skanderbeg Square", "city": "Tirana", "country": "Albania", "cc": "AL", "wikis": 30, "rank": 3}}, {"type": "Feature", "geometry": {"type": "Point", "coordinates": [3.06056, 36.785]}, "properties": {"name": "Ketchaoua Mosque", "city": "Algiers", "country": "Algeria", "cc": "DZ", "wikis": 30, "rank": 1}}, {"type": "Feature", "geometry": {"type": "Point", "coordinates": [3.06417, 36.78528]}, "properties": {"name": "Djamaa El Kebir of Algiers", "city": "Algiers", "country": "Algeria", "cc": "DZ", "wikis": 28, "rank": 2}}, {"type": "Feature", "geometry": {"type": "Point", "coordinates": [3.14022, 36.735]}, "properties": {"name": "Djamaa El Djazaïr", "city": "Algiers", "country": "Algeria", "cc": "DZ", "wikis": 27, "rank": 3}}, {"type": "Feature", "geometry": {"type": "Point", "coordinates": [1.462, 42.358]}, "properties": {"name": "Roman Catholic Diocese of Urgell", "city": "Andorra la Vella", "country": "Andorra", "cc": "AD", "wikis": 33, "rank": 1}}, {"type": "Feature", "geometry": {"type": "Point", "coordinates": [1.5197, 42.5069]}, "properties": {"name": "Andorra National Library", "city": "Andorra la Vella", "country": "Andorra", "cc": "AD", "wikis": 28, "rank": 2}}, {"type": "Feature", "geometry": {"type": "Point", "coordinates": [1.46192, 42.35785]}, "properties": {"name": "Cathedral of Santa Maria d'Urgell", "city": "Andorra la Vella", "country": "Andorra", "cc": "AD", "wikis": 18, "rank": 3}}, {"type": "Feature", "geometry": {"type": "Point", "coordinates": [13.23953, -8.82831]}, "properties": {"name": "National Library of Angola", "city": "Luanda", "country": "Angola", "cc": "AO", "wikis": 17, "rank": 1}}, {"type": "Feature", "geometry": {"type": "Point", "coordinates": [13.37272, -8.90981]}, "properties": {"name": "Roman Catholic Diocese of Viana", "city": "Luanda", "country": "Angola", "cc": "AO", "wikis": 14, "rank": 2}}, {"type": "Feature", "geometry": {"type": "Point", "coordinates": [13.22322, -8.80786]}, "properties": {"name": "Fortress of São Miguel", "city": "Luanda", "country": "Angola", "cc": "AO", "wikis": 12, "rank": 3}}, {"type": "Feature", "geometry": {"type": "Point", "coordinates": [-61.76444, 17.00833]}, "properties": {"name": "Nelson's Dockyard", "city": "St. John's", "country": "Antigua and Barbuda", "cc": "AG", "wikis": 24, "rank": 1}}, {"type": "Feature", "geometry": {"type": "Point", "coordinates": [-61.8376, 17.1165]}, "properties": {"name": "Roman Catholic Diocese of Saint John's – Basseterre", "city": "St. John's", "country": "Antigua and Barbuda", "cc": "AG", "wikis": 14, "rank": 2}}, {"type": "Feature", "geometry": {"type": "Point", "coordinates": [-58.38308, -34.60108]}, "properties": {"name": "Colón Theater", "city": "Buenos Aires", "country": "Argentina", "cc": "AR", "wikis": 36, "rank": 1}}, {"type": "Feature", "geometry": {"type": "Point", "coordinates": [-58.38586, -34.60956]}, "properties": {"name": "Barolo Palace", "city": "Buenos Aires", "country": "Argentina", "cc": "AR", "wikis": 29, "rank": 2}}, {"type": "Feature", "geometry": {"type": "Point", "coordinates": [-58.37194, -34.60833]}, "properties": {"name": "Plaza de Mayo", "city": "Buenos Aires", "country": "Argentina", "cc": "AR", "wikis": 28, "rank": 3}}, {"type": "Feature", "geometry": {"type": "Point", "coordinates": [44.291, 40.16186]}, "properties": {"name": "Etchmiadzin Cathedral", "city": "Yerevan", "country": "Armenia", "cc": "AM", "wikis": 48, "rank": 1}}, {"type": "Feature", "geometry": {"type": "Point", "coordinates": [44.52113, 40.19207]}, "properties": {"name": "Matenadaran", "city": "Yerevan", "country": "Armenia", "cc": "AM", "wikis": 47, "rank": 2}}, {"type": "Feature", "geometry": {"type": "Point", "coordinates": [44.5056, 40.1781]}, "properties": {"name": "Blue Mosque", "city": "Yerevan", "country": "Armenia", "cc": "AM", "wikis": 43, "rank": 3}}, {"type": "Feature", "geometry": {"type": "Point", "coordinates": [149.12944, -35.29639]}, "properties": {"name": "National Library of Australia", "city": "Canberra", "country": "Australia", "cc": "AU", "wikis": 59, "rank": 1}}, {"type": "Feature", "geometry": {"type": "Point", "coordinates": [149.12444, -35.30806]}, "properties": {"name": "Parliament House", "city": "Canberra", "country": "Australia", "cc": "AU", "wikis": 27, "rank": 2}}, {"type": "Feature", "geometry": {"type": "Point", "coordinates": [149.121, -35.2931]}, "properties": {"name": "National Museum of Australia", "city": "Canberra", "country": "Australia", "cc": "AU", "wikis": 22, "rank": 3}}, {"type": "Feature", "geometry": {"type": "Point", "coordinates": [16.31227, 48.18479]}, "properties": {"name": "Schönbrunn Palace", "city": "Vienna", "country": "Austria", "cc": "AT", "wikis": 64, "rank": 1}}, {"type": "Feature", "geometry": {"type": "Point", "coordinates": [16.38052, 48.1934]}, "properties": {"name": "Belvedere", "city": "Vienna", "country": "Austria", "cc": "AT", "wikis": 61, "rank": 2}}, {"type": "Feature", "geometry": {"type": "Point", "coordinates": [16.37326, 48.20843]}, "properties": {"name": "St. Stephen's Cathedral", "city": "Vienna", "country": "Austria", "cc": "AT", "wikis": 60, "rank": 3}}, {"type": "Feature", "geometry": {"type": "Point", "coordinates": [49.84583, 40.37417]}, "properties": {"name": "National Library of Azerbaijan", "city": "Baku", "country": "Azerbaijan", "cc": "AZ", "wikis": 53, "rank": 1}}, {"type": "Feature", "geometry": {"type": "Point", "coordinates": [49.83333, 40.36611]}, "properties": {"name": "Palace of the Shirvanshahs", "city": "Baku", "country": "Azerbaijan", "cc": "AZ", "wikis": 49, "rank": 2}}, {"type": "Feature", "geometry": {"type": "Point", "coordinates": [49.85039, 40.3802]}, "properties": {"name": "Baku railway station", "city": "Baku", "country": "Azerbaijan", "cc": "AZ", "wikis": 48, "rank": 3}}, {"type": "Feature", "geometry": {"type": "Point", "coordinates": [50.52056, 26.23361]}, "properties": {"name": "Qal’at al Bahrain", "city": "Manama", "country": "Bahrain", "cc": "BH", "wikis": 48, "rank": 1}}, {"type": "Feature", "geometry": {"type": "Point", "coordinates": [50.33583, 26.1825]}, "properties": {"name": "King Fahd Causeway", "city": "Manama", "country": "Bahrain", "cc": "BH", "wikis": 42, "rank": 2}}, {"type": "Feature", "geometry": {"type": "Point", "coordinates": [50.59806, 26.21889]}, "properties": {"name": "Al Fateh Grand Mosque", "city": "Manama", "country": "Bahrain", "cc": "BH", "wikis": 30, "rank": 3}}, {"type": "Feature", "geometry": {"type": "Point", "coordinates": [90.41222, 23.72944]}, "properties": {"name": "Baitul Mukarram National Mosque", "city": "Dhaka", "country": "Bangladesh", "cc": "BD", "wikis": 38, "rank": 1}}, {"type": "Feature", "geometry": {"type": "Point", "coordinates": [90.37861, 23.76222]}, "properties": {"name": "Jatiya Sangsad Bhaban", "city": "Dhaka", "country": "Bangladesh", "cc": "BD", "wikis": 35, "rank": 2}}, {"type": "Feature", "geometry": {"type": "Point", "coordinates": [90.38806, 23.71903]}, "properties": {"name": "Lalbagh Fort", "city": "Dhaka", "country": "Bangladesh", "cc": "BD", "wikis": 30, "rank": 3}}, {"type": "Feature", "geometry": {"type": "Point", "coordinates": [-59.60892, 13.09183]}, "properties": {"name": "Roman Catholic Diocese of Bridgetown", "city": "Bridgetown", "country": "Barbados", "cc": "BB", "wikis": 14, "rank": 1}}, {"type": "Feature", "geometry": {"type": "Point", "coordinates": [27.64584, 53.93142]}, "properties": {"name": "National Library of Belarus", "city": "Minsk", "country": "Belarus", "cc": "BY", "wikis": 33, "rank": 1}}, {"type": "Feature", "geometry": {"type": "Point", "coordinates": [27.61133, 53.9655]}, "properties": {"name": "Kurapaty", "city": "Minsk", "country": "Belarus", "cc": "BY", "wikis": 29, "rank": 2}}, {"type": "Feature", "geometry": {"type": "Point", "coordinates": [27.54748, 53.89652]}, "properties": {"name": "Church of Saints Simon and Helena", "city": "Minsk", "country": "Belarus", "cc": "BY", "wikis": 28, "rank": 3}}, {"type": "Feature", "geometry": {"type": "Point", "coordinates": [4.34999, 50.84498]}, "properties": {"name": "Manneken Pis", "city": "Brussels", "country": "Belgium", "cc": "BE", "wikis": 66, "rank": 1}}, {"type": "Feature", "geometry": {"type": "Point", "coordinates": [4.34139, 50.895]}, "properties": {"name": "Atomium", "city": "Brussels", "country": "Belgium", "cc": "BE", "wikis": 53, "rank": 2}}, {"type": "Feature", "geometry": {"type": "Point", "coordinates": [4.36028, 50.84778]}, "properties": {"name": "Cathedral of St. Michael and St. Gudula", "city": "Brussels", "country": "Belgium", "cc": "BE", "wikis": 35, "rank": 3}}, {"type": "Feature", "geometry": {"type": "Point", "coordinates": [-88.86235, 17.11413]}, "properties": {"name": "Actun Tunichil Muknal", "city": "Belmopan", "country": "Belize", "cc": "BZ", "wikis": 20, "rank": 1}}, {"type": "Feature", "geometry": {"type": "Point", "coordinates": [2.6061, 6.5118]}, "properties": {"name": "National Library of Benin", "city": "Porto-Novo", "country": "Benin", "cc": "BJ", "wikis": 10, "rank": 1}}, {"type": "Feature", "geometry": {"type": "Point", "coordinates": [2.43916, 6.35634]}, "properties": {"name": "Cotonou Cathedral", "city": "Porto-Novo", "country": "Benin", "cc": "BJ", "wikis": 10, "rank": 2}}, {"type": "Feature", "geometry": {"type": "Point", "coordinates": [2.62519, 6.46947]}, "properties": {"name": "Royal Palace Museum", "city": "Porto-Novo", "country": "Benin", "cc": "BJ", "wikis": 9, "rank": 3}}, {"type": "Feature", "geometry": {"type": "Point", "coordinates": [89.63222, 27.48333]}, "properties": {"name": "National Library of Bhutan", "city": "Thimphu", "country": "Bhutan", "cc": "BT", "wikis": 25, "rank": 1}}, {"type": "Feature", "geometry": {"type": "Point", "coordinates": [89.635, 27.48944]}, "properties": {"name": "Tashichho Dzong", "city": "Thimphu", "country": "Bhutan", "cc": "BT", "wikis": 18, "rank": 2}}, {"type": "Feature", "geometry": {"type": "Point", "coordinates": [89.6454, 27.4435]}, "properties": {"name": "Buddha Dordenma statue", "city": "Thimphu", "country": "Bhutan", "cc": "BT", "wikis": 15, "rank": 3}}, {"type": "Feature", "geometry": {"type": "Point", "coordinates": [-68.13361, -16.49583]}, "properties": {"name": "Plaza Murillo", "city": "La Paz", "country": "Bolivia", "cc": "BO", "wikis": 13, "rank": 1}}, {"type": "Feature", "geometry": {"type": "Point", "coordinates": [18.17611, 43.97694]}, "properties": {"name": "Bosnian pyramid claims", "city": "Sarajevo", "country": "Bosnia and Herzegovina", "cc": "BA", "wikis": 35, "rank": 1}}, {"type": "Feature", "geometry": {"type": "Point", "coordinates": [18.42903, 43.85917]}, "properties": {"name": "Gazi Husrev-beg Mosque", "city": "Sarajevo", "country": "Bosnia and Herzegovina", "cc": "BA", "wikis": 31, "rank": 2}}, {"type": "Feature", "geometry": {"type": "Point", "coordinates": [18.42901, 43.85765]}, "properties": {"name": "Latin Bridge", "city": "Sarajevo", "country": "Bosnia and Herzegovina", "cc": "BA", "wikis": 30, "rank": 3}}, {"type": "Feature", "geometry": {"type": "Point", "coordinates": [25.86528, -24.69278]}, "properties": {"name": "Kgale Hill", "city": "Gaborone", "country": "Botswana", "cc": "BW", "wikis": 10, "rank": 1}}, {"type": "Feature", "geometry": {"type": "Point", "coordinates": [25.91966, -24.65699]}, "properties": {"name": "Botswana National Museum", "city": "Gaborone", "country": "Botswana", "cc": "BW", "wikis": 9, "rank": 2}}, {"type": "Feature", "geometry": {"type": "Point", "coordinates": [25.90637, -24.67225]}, "properties": {"name": "National Library Service of Botswana", "city": "Gaborone", "country": "Botswana", "cc": "BW", "wikis": 9, "rank": 3}}, {"type": "Feature", "geometry": {"type": "Point", "coordinates": [-47.86083, -15.799]}, "properties": {"name": "Palácio do Planalto", "city": "Brasília", "country": "Brazil", "cc": "BR", "wikis": 34, "rank": 1}}, {"type": "Feature", "geometry": {"type": "Point", "coordinates": [-47.87556, -15.79833]}, "properties": {"name": "Cathedral of Brasília", "city": "Brasília", "country": "Brazil", "cc": "BR", "wikis": 33, "rank": 2}}, {"type": "Feature", "geometry": {"type": "Point", "coordinates": [-47.88735, -15.80227]}, "properties": {"name": "Central Bank of Brazil", "city": "Brasília", "country": "Brazil", "cc": "BR", "wikis": 29, "rank": 3}}, {"type": "Feature", "geometry": {"type": "Point", "coordinates": [114.93914, 4.88958]}, "properties": {"name": "Omar Ali Saifuddien Mosque", "city": "Bandar Seri Begawan", "country": "Brunei", "cc": "BN", "wikis": 39, "rank": 1}}, {"type": "Feature", "geometry": {"type": "Point", "coordinates": [114.92076, 4.87203]}, "properties": {"name": "Istana Nurul Iman", "city": "Bandar Seri Begawan", "country": "Brunei", "cc": "BN", "wikis": 27, "rank": 2}}, {"type": "Feature", "geometry": {"type": "Point", "coordinates": [114.96874, 4.88525]}, "properties": {"name": "Brunei Museum", "city": "Bandar Seri Begawan", "country": "Brunei", "cc": "BN", "wikis": 20, "rank": 3}}, {"type": "Feature", "geometry": {"type": "Point", "coordinates": [23.33297, 42.69584]}, "properties": {"name": "Alexander Nevsky Cathedral", "city": "Sofia", "country": "Bulgaria", "cc": "BG", "wikis": 52, "rank": 1}}, {"type": "Feature", "geometry": {"type": "Point", "coordinates": [23.3328, 42.6958]}, "properties": {"name": "Bulgarian Orthodox Church", "city": "Sofia", "country": "Bulgaria", "cc": "BG", "wikis": 51, "rank": 2}}, {"type": "Feature", "geometry": {"type": "Point", "coordinates": [23.26617, 42.64467]}, "properties": {"name": "Boyana Church", "city": "Sofia", "country": "Bulgaria", "cc": "BG", "wikis": 49, "rank": 3}}, {"type": "Feature", "geometry": {"type": "Point", "coordinates": [-1.52699, 12.36198]}, "properties": {"name": "Ouagadougou Cathedral", "city": "Ouagadougou", "country": "Burkina Faso", "cc": "BF", "wikis": 20, "rank": 1}}, {"type": "Feature", "geometry": {"type": "Point", "coordinates": [-1.527, 12.3619]}, "properties": {"name": "Roman Catholic Archdiocese of Ouagadougou", "city": "Ouagadougou", "country": "Burkina Faso", "cc": "BF", "wikis": 16, "rank": 2}}, {"type": "Feature", "geometry": {"type": "Point", "coordinates": [29.9, -3.43333]}, "properties": {"name": "Roman Catholic Archdiocese of Gitega", "city": "Gitega", "country": "Burundi", "cc": "BI", "wikis": 15, "rank": 1}}, {"type": "Feature", "geometry": {"type": "Point", "coordinates": [29.90848, -3.41824]}, "properties": {"name": "National Museum of Gitega", "city": "Gitega", "country": "Burundi", "cc": "BI", "wikis": 14, "rank": 2}}, {"type": "Feature", "geometry": {"type": "Point", "coordinates": [104.91778, 11.54944]}, "properties": {"name": "Tuol Sleng torture center", "city": "Phnom Penh", "country": "Cambodia", "cc": "KH", "wikis": 43, "rank": 1}}, {"type": "Feature", "geometry": {"type": "Point", "coordinates": [104.93112, 11.56368]}, "properties": {"name": "Royal Palace", "city": "Phnom Penh", "country": "Cambodia", "cc": "KH", "wikis": 23, "rank": 2}}, {"type": "Feature", "geometry": {"type": "Point", "coordinates": [104.92917, 11.56528]}, "properties": {"name": "National Museum of Cambodia", "city": "Phnom Penh", "country": "Cambodia", "cc": "KH", "wikis": 22, "rank": 3}}, {"type": "Feature", "geometry": {"type": "Point", "coordinates": [11.5165, 3.86119]}, "properties": {"name": "National Library of Cameroon", "city": "Yaoundé", "country": "Cameroon", "cc": "CM", "wikis": 9, "rank": 1}}, {"type": "Feature", "geometry": {"type": "Point", "coordinates": [11.521, 3.86288]}, "properties": {"name": "Our Lady of Victories Cathedral, Yaoundé", "city": "Yaoundé", "country": "Cameroon", "cc": "CM", "wikis": 8, "rank": 2}}, {"type": "Feature", "geometry": {"type": "Point", "coordinates": [11.51835, 3.86421]}, "properties": {"name": "Blackitude Museum", "city": "Yaoundé", "country": "Cameroon", "cc": "CM", "wikis": 8, "rank": 3}}, {"type": "Feature", "geometry": {"type": "Point", "coordinates": [-75.69891, 45.42954]}, "properties": {"name": "National Gallery of Canada", "city": "Ottawa", "country": "Canada", "cc": "CA", "wikis": 33, "rank": 1}}, {"type": "Feature", "geometry": {"type": "Point", "coordinates": [-75.70806, 45.41972]}, "properties": {"name": "Library and Archives Canada", "city": "Ottawa", "country": "Canada", "cc": "CA", "wikis": 27, "rank": 2}}, {"type": "Feature", "geometry": {"type": "Point", "coordinates": [-75.70889, 45.42972]}, "properties": {"name": "Canadian Museum of History", "city": "Ottawa", "country": "Canada", "cc": "CA", "wikis": 23, "rank": 3}}, {"type": "Feature", "geometry": {"type": "Point", "coordinates": [-23.5086, 14.9173]}, "properties": {"name": "Roman Catholic Diocese of Santiago de Cabo Verde", "city": "Praia", "country": "Cape Verde", "cc": "CV", "wikis": 15, "rank": 1}}, {"type": "Feature", "geometry": {"type": "Point", "coordinates": [-23.51208, 14.91608]}, "properties": {"name": "National Library of Cape Verde", "city": "Praia", "country": "Cape Verde", "cc": "CV", "wikis": 14, "rank": 2}}, {"type": "Feature", "geometry": {"type": "Point", "coordinates": [18.578, 4.37]}, "properties": {"name": "Cathédrale Notre-Dame", "city": "Bangui", "country": "Central African Republic", "cc": "CF", "wikis": 8, "rank": 1}}, {"type": "Feature", "geometry": {"type": "Point", "coordinates": [18.53539, 4.36524]}, "properties": {"name": "Church of Fatima, Bangui", "city": "Bangui", "country": "Central African Republic", "cc": "CF", "wikis": 2, "rank": 2}}, {"type": "Feature", "geometry": {"type": "Point", "coordinates": [18.58531, 4.36486]}, "properties": {"name": "Renaissance Palace", "city": "Bangui", "country": "Central African Republic", "cc": "CF", "wikis": 2, "rank": 3}}, {"type": "Feature", "geometry": {"type": "Point", "coordinates": [15.07743, 12.12543]}, "properties": {"name": "Chad National Museum", "city": "N'Djamena", "country": "Chad", "cc": "TD", "wikis": 15, "rank": 1}}, {"type": "Feature", "geometry": {"type": "Point", "coordinates": [15.0373, 12.1114]}, "properties": {"name": "Roman Catholic Archdiocese of N'Djamena", "city": "N'Djamena", "country": "Chad", "cc": "TD", "wikis": 14, "rank": 2}}, {"type": "Feature", "geometry": {"type": "Point", "coordinates": [-70.60667, -33.41694]}, "properties": {"name": "Gran Torre Costanera", "city": "Santiago", "country": "Chile", "cc": "CL", "wikis": 29, "rank": 1}}, {"type": "Feature", "geometry": {"type": "Point", "coordinates": [-70.64567, -33.44227]}, "properties": {"name": "National Library of Chile", "city": "Santiago", "country": "Chile", "cc": "CL", "wikis": 25, "rank": 2}}, {"type": "Feature", "geometry": {"type": "Point", "coordinates": [-70.64357, -33.43532]}, "properties": {"name": "Chilean National Museum of Fine Arts", "city": "Santiago", "country": "Chile", "cc": "CL", "wikis": 21, "rank": 3}}, {"type": "Feature", "geometry": {"type": "Point", "coordinates": [-74.072, 4.60192]}, "properties": {"name": "Gold Museum", "city": "Bogotá", "country": "Colombia", "cc": "CO", "wikis": 28, "rank": 1}}, {"type": "Feature", "geometry": {"type": "Point", "coordinates": [-74.07524, 4.59795]}, "properties": {"name": "Primary Cathedral of Bogotá", "city": "Bogotá", "country": "Colombia", "cc": "CO", "wikis": 20, "rank": 2}}, {"type": "Feature", "geometry": {"type": "Point", "coordinates": [-74.07028, 4.61083]}, "properties": {"name": "Torre Colpatria", "city": "Bogotá", "country": "Colombia", "cc": "CO", "wikis": 17, "rank": 3}}, {"type": "Feature", "geometry": {"type": "Point", "coordinates": [43.25558, -11.70319]}, "properties": {"name": "National Museum of Comoros", "city": "Moroni", "country": "Comoros", "cc": "KM", "wikis": 14, "rank": 1}}, {"type": "Feature", "geometry": {"type": "Point", "coordinates": [-84.07172, 9.93281]}, "properties": {"name": "National Museum of Costa Rica", "city": "San José", "country": "Costa Rica", "cc": "CR", "wikis": 16, "rank": 1}}, {"type": "Feature", "geometry": {"type": "Point", "coordinates": [-84.2132, 10.0167]}, "properties": {"name": "Roman Catholic Diocese of Alajuela", "city": "San José", "country": "Costa Rica", "cc": "CR", "wikis": 13, "rank": 2}}, {"type": "Feature", "geometry": {"type": "Point", "coordinates": [15.97972, 45.81444]}, "properties": {"name": "Zagreb Cathedral", "city": "Zagreb", "country": "Croatia", "cc": "HR", "wikis": 41, "rank": 1}}, {"type": "Feature", "geometry": {"type": "Point", "coordinates": [15.97, 45.8095]}, "properties": {"name": "Croatian National Theatre in Zagreb", "city": "Zagreb", "country": "Croatia", "cc": "HR", "wikis": 32, "rank": 2}}, {"type": "Feature", "geometry": {"type": "Point", "coordinates": [15.97389, 45.81611]}, "properties": {"name": "St. Mark's Church in Zagreb", "city": "Zagreb", "country": "Croatia", "cc": "HR", "wikis": 29, "rank": 3}}, {"type": "Feature", "geometry": {"type": "Point", "coordinates": [-82.35192, 23.14138]}, "properties": {"name": "Havana Cathedral", "city": "Havana", "country": "Cuba", "cc": "CU", "wikis": 24, "rank": 1}}, {"type": "Feature", "geometry": {"type": "Point", "coordinates": [-82.35944, 23.13528]}, "properties": {"name": "El Capitolio", "city": "Havana", "country": "Cuba", "cc": "CU", "wikis": 22, "rank": 2}}, {"type": "Feature", "geometry": {"type": "Point", "coordinates": [-82.35667, 23.14167]}, "properties": {"name": "Museum of the Revolution", "city": "Havana", "country": "Cuba", "cc": "CU", "wikis": 22, "rank": 3}}, {"type": "Feature", "geometry": {"type": "Point", "coordinates": [33.3362, 35.1683]}, "properties": {"name": "Church of Cyprus", "city": "Nicosia", "country": "Cyprus", "cc": "CY", "wikis": 42, "rank": 1}}, {"type": "Feature", "geometry": {"type": "Point", "coordinates": [33.36444, 35.17639]}, "properties": {"name": "Saint Sophia Cathedral", "city": "Nicosia", "country": "Cyprus", "cc": "CY", "wikis": 40, "rank": 2}}, {"type": "Feature", "geometry": {"type": "Point", "coordinates": [33.35528, 35.17167]}, "properties": {"name": "Cyprus Museum", "city": "Nicosia", "country": "Cyprus", "cc": "CY", "wikis": 28, "rank": 3}}, {"type": "Feature", "geometry": {"type": "Point", "coordinates": [14.4, 50.09]}, "properties": {"name": "Prague Castle", "city": "Prague", "country": "Czech Republic", "cc": "CZ", "wikis": 64, "rank": 1}}, {"type": "Feature", "geometry": {"type": "Point", "coordinates": [14.41194, 50.08639]}, "properties": {"name": "Charles Bridge", "city": "Prague", "country": "Czech Republic", "cc": "CZ", "wikis": 62, "rank": 2}}, {"type": "Feature", "geometry": {"type": "Point", "coordinates": [14.40056, 50.09083]}, "properties": {"name": "St. Vitus Cathedral", "city": "Prague", "country": "Czech Republic", "cc": "CZ", "wikis": 59, "rank": 3}}, {"type": "Feature", "geometry": {"type": "Point", "coordinates": [15.28266, -4.30413]}, "properties": {"name": "National Library of the Democratic Republic of Congo", "city": "Kinshasa", "country": "Democratic Republic of the Congo", "cc": "CD", "wikis": 12, "rank": 1}}, {"type": "Feature", "geometry": {"type": "Point", "coordinates": [43.15107, 11.60025]}, "properties": {"name": "Roman Catholic Diocese of Djibouti", "city": "Djibouti", "country": "Djibouti", "cc": "DJ", "wikis": 18, "rank": 1}}, {"type": "Feature", "geometry": {"type": "Point", "coordinates": [-61.28333, 15.26667]}, "properties": {"name": "Morne Trois Pitons National Park", "city": "Roseau", "country": "Dominica", "cc": "DM", "wikis": 36, "rank": 1}}, {"type": "Feature", "geometry": {"type": "Point", "coordinates": [-61.3854, 15.2973]}, "properties": {"name": "Roman Catholic Diocese of Roseau", "city": "Roseau", "country": "Dominica", "cc": "DM", "wikis": 13, "rank": 2}}, {"type": "Feature", "geometry": {"type": "Point", "coordinates": [-69.88171, 18.4732]}, "properties": {"name": "Fortaleza Ozama", "city": "Santo Domingo", "country": "Dominican Republic", "cc": "DO", "wikis": 21, "rank": 1}}, {"type": "Feature", "geometry": {"type": "Point", "coordinates": [-69.88275, 18.4775]}, "properties": {"name": "Alcázar de Colón", "city": "Santo Domingo", "country": "Dominican Republic", "cc": "DO", "wikis": 18, "rank": 2}}, {"type": "Feature", "geometry": {"type": "Point", "coordinates": [-69.88394, 18.47303]}, "properties": {"name": "Basílica Catedral Metropolitana Santa María de la Encarnación", "city": "Santo Domingo", "country": "Dominican Republic", "cc": "DO", "wikis": 17, "rank": 3}}, {"type": "Feature", "geometry": {"type": "Point", "coordinates": [-78.51417, -0.22028]}, "properties": {"name": "Cathedral of Quito", "city": "Quito", "country": "Ecuador", "cc": "EC", "wikis": 15, "rank": 1}}, {"type": "Feature", "geometry": {"type": "Point", "coordinates": [-78.50258, -0.21494]}, "properties": {"name": "Quito Astronomical Observatory", "city": "Quito", "country": "Ecuador", "cc": "EC", "wikis": 14, "rank": 2}}, {"type": "Feature", "geometry": {"type": "Point", "coordinates": [-78.50739, -0.215]}, "properties": {"name": "Basilica of the National Vow", "city": "Quito", "country": "Ecuador", "cc": "EC", "wikis": 14, "rank": 3}}, {"type": "Feature", "geometry": {"type": "Point", "coordinates": [31.13422, 29.97915]}, "properties": {"name": "Great Pyramid of Giza", "city": "Cairo", "country": "Egypt", "cc": "EG", "wikis": 126, "rank": 1}}, {"type": "Feature", "geometry": {"type": "Point", "coordinates": [31.25092, 29.84467]}, "properties": {"name": "Memphis", "city": "Cairo", "country": "Egypt", "cc": "EG", "wikis": 86, "rank": 2}}, {"type": "Feature", "geometry": {"type": "Point", "coordinates": [31.12833, 29.9725]}, "properties": {"name": "Egyptian pyramids", "city": "Cairo", "country": "Egypt", "cc": "EG", "wikis": 85, "rank": 3}}, {"type": "Feature", "geometry": {"type": "Point", "coordinates": [-89.35616, 13.82749]}, "properties": {"name": "Joya de Cerén", "city": "San Salvador", "country": "El Salvador", "cc": "SV", "wikis": 46, "rank": 1}}, {"type": "Feature", "geometry": {"type": "Point", "coordinates": [-89.38914, 13.80062]}, "properties": {"name": "San Andrés, El Salvador", "city": "San Salvador", "country": "El Salvador", "cc": "SV", "wikis": 17, "rank": 2}}, {"type": "Feature", "geometry": {"type": "Point", "coordinates": [38.94167, 15.33889]}, "properties": {"name": "Great Mosque of Asmara", "city": "Asmara", "country": "Eritrea", "cc": "ER", "wikis": 21, "rank": 1}}, {"type": "Feature", "geometry": {"type": "Point", "coordinates": [38.94028, 15.33667]}, "properties": {"name": "Cinema Impero", "city": "Asmara", "country": "Eritrea", "cc": "ER", "wikis": 15, "rank": 2}}, {"type": "Feature", "geometry": {"type": "Point", "coordinates": [38.93789, 15.33675]}, "properties": {"name": "Church of Our Lady of the Rosary", "city": "Asmara", "country": "Eritrea", "cc": "ER", "wikis": 15, "rank": 3}}, {"type": "Feature", "geometry": {"type": "Point", "coordinates": [24.73722, 59.43556]}, "properties": {"name": "Toompea Castle", "city": "Tallinn", "country": "Estonia", "cc": "EE", "wikis": 43, "rank": 1}}, {"type": "Feature", "geometry": {"type": "Point", "coordinates": [24.73944, 59.43583]}, "properties": {"name": "Alexander Nevsky Cathedral", "city": "Tallinn", "country": "Estonia", "cc": "EE", "wikis": 41, "rank": 2}}, {"type": "Feature", "geometry": {"type": "Point", "coordinates": [24.74276, 59.43592]}, "properties": {"name": "St. Nicholas' Church", "city": "Tallinn", "country": "Estonia", "cc": "EE", "wikis": 36, "rank": 3}}, {"type": "Feature", "geometry": {"type": "Point", "coordinates": [31.36667, -26.48333]}, "properties": {"name": "Roman Catholic Diocese of Manzini", "city": "Lobamba", "country": "Eswatini", "cc": "SZ", "wikis": 11, "rank": 1}}, {"type": "Feature", "geometry": {"type": "Point", "coordinates": [31.3774, -26.5006]}, "properties": {"name": "Our Lady of Assumption Cathedral, Manzini", "city": "Lobamba", "country": "Eswatini", "cc": "SZ", "wikis": 7, "rank": 2}}, {"type": "Feature", "geometry": {"type": "Point", "coordinates": [31.14444, -26.32056]}, "properties": {"name": "Indingilizi Gallery", "city": "Lobamba", "country": "Eswatini", "cc": "SZ", "wikis": 5, "rank": 3}}, {"type": "Feature", "geometry": {"type": "Point", "coordinates": [38.79944, 8.97778]}, "properties": {"name": "Operation Solomon", "city": "Addis Ababa", "country": "Ethiopia", "cc": "ET", "wikis": 29, "rank": 1}}, {"type": "Feature", "geometry": {"type": "Point", "coordinates": [38.7619, 9.03833]}, "properties": {"name": "National Museum of Ethiopia", "city": "Addis Ababa", "country": "Ethiopia", "cc": "ET", "wikis": 22, "rank": 2}}, {"type": "Feature", "geometry": {"type": "Point", "coordinates": [38.75142, 9.03669]}, "properties": {"name": "St. George's Cathedral", "city": "Addis Ababa", "country": "Ethiopia", "cc": "ET", "wikis": 20, "rank": 3}}, {"type": "Feature", "geometry": {"type": "Point", "coordinates": [158.33222, 6.84194]}, "properties": {"name": "Nan Madol", "city": "Palikir", "country": "Federated States of Micronesia", "cc": "FM", "wikis": 53, "rank": 1}}, {"type": "Feature", "geometry": {"type": "Point", "coordinates": [178.433, -18.1333]}, "properties": {"name": "Roman Catholic Archdiocese of Suva", "city": "Suva", "country": "Fiji", "cc": "FJ", "wikis": 15, "rank": 1}}, {"type": "Feature", "geometry": {"type": "Point", "coordinates": [178.42574, -18.14967]}, "properties": {"name": "Fiji Museum", "city": "Suva", "country": "Fiji", "cc": "FJ", "wikis": 13, "rank": 2}}, {"type": "Feature", "geometry": {"type": "Point", "coordinates": [24.98444, 60.14361]}, "properties": {"name": "Suomenlinna", "city": "Helsinki", "country": "Finland", "cc": "FI", "wikis": 54, "rank": 1}}, {"type": "Feature", "geometry": {"type": "Point", "coordinates": [24.95212, 60.17039]}, "properties": {"name": "Helsinki Cathedral", "city": "Helsinki", "country": "Finland", "cc": "FI", "wikis": 51, "rank": 2}}, {"type": "Feature", "geometry": {"type": "Point", "coordinates": [24.94398, 60.17008]}, "properties": {"name": "Ateneum", "city": "Helsinki", "country": "Finland", "cc": "FI", "wikis": 31, "rank": 3}}, {"type": "Feature", "geometry": {"type": "Point", "coordinates": [2.29448, 48.8583]}, "properties": {"name": "Eiffel Tower", "city": "Paris", "country": "France", "cc": "FR", "wikis": 191, "rank": 1}}, {"type": "Feature", "geometry": {"type": "Point", "coordinates": [2.33583, 48.86111]}, "properties": {"name": "Louvre Museum", "city": "Paris", "country": "France", "cc": "FR", "wikis": 169, "rank": 2}}, {"type": "Feature", "geometry": {"type": "Point", "coordinates": [2.3498, 48.853]}, "properties": {"name": "Notre-Dame de Paris", "city": "Paris", "country": "France", "cc": "FR", "wikis": 125, "rank": 3}}, {"type": "Feature", "geometry": {"type": "Point", "coordinates": [9.41909, 0.43774]}, "properties": {"name": "Centre International des Civilisations Bantu", "city": "Libreville", "country": "Gabon", "cc": "GA", "wikis": 4, "rank": 1}}, {"type": "Feature", "geometry": {"type": "Point", "coordinates": [9.43639, 0.4028]}, "properties": {"name": "Libreville Notre-Dame-de-l'Assomption Cathedral", "city": "Libreville", "country": "Gabon", "cc": "GA", "wikis": 4, "rank": 2}}, {"type": "Feature", "geometry": {"type": "Point", "coordinates": [9.44222, 0.3925]}, "properties": {"name": "Palais du bord de mer", "city": "Libreville", "country": "Gabon", "cc": "GA", "wikis": 2, "rank": 3}}, {"type": "Feature", "geometry": {"type": "Point", "coordinates": [44.73332, 41.83839]}, "properties": {"name": "Jvari", "city": "Tbilisi", "country": "Georgia", "cc": "GE", "wikis": 37, "rank": 1}}, {"type": "Feature", "geometry": {"type": "Point", "coordinates": [44.81667, 41.6975]}, "properties": {"name": "Holy Trinity Cathedral of Tbilisi", "city": "Tbilisi", "country": "Georgia", "cc": "GE", "wikis": 36, "rank": 2}}, {"type": "Feature", "geometry": {"type": "Point", "coordinates": [44.7979, 41.6998]}, "properties": {"name": "Rustaveli Theatre", "city": "Tbilisi", "country": "Georgia", "cc": "GE", "wikis": 35, "rank": 3}}, {"type": "Feature", "geometry": {"type": "Point", "coordinates": [13.37772, 52.51627]}, "properties": {"name": "Brandenburg Gate", "city": "Berlin", "country": "Germany", "cc": "DE", "wikis": 86, "rank": 1}}, {"type": "Feature", "geometry": {"type": "Point", "coordinates": [13.37611, 52.51861]}, "properties": {"name": "Reichstag", "city": "Berlin", "country": "Germany", "cc": "DE", "wikis": 75, "rank": 2}}, {"type": "Feature", "geometry": {"type": "Point", "coordinates": [13.396, 52.521]}, "properties": {"name": "Pergamon Museum", "city": "Berlin", "country": "Germany", "cc": "DE", "wikis": 61, "rank": 3}}, {"type": "Feature", "geometry": {"type": "Point", "coordinates": [-0.18353, 5.54689]}, "properties": {"name": "Osu Castle", "city": "Accra", "country": "Ghana", "cc": "GH", "wikis": 27, "rank": 1}}, {"type": "Feature", "geometry": {"type": "Point", "coordinates": [-0.20613, 5.55675]}, "properties": {"name": "National Museum of Ghana", "city": "Accra", "country": "Ghana", "cc": "GH", "wikis": 20, "rank": 2}}, {"type": "Feature", "geometry": {"type": "Point", "coordinates": [-0.1926, 5.5476]}, "properties": {"name": "Black Star Square", "city": "Accra", "country": "Ghana", "cc": "GH", "wikis": 17, "rank": 3}}, {"type": "Feature", "geometry": {"type": "Point", "coordinates": [23.7266, 37.97153]}, "properties": {"name": "Parthenon", "city": "Athens", "country": "Greece", "cc": "GR", "wikis": 136, "rank": 1}}, {"type": "Feature", "geometry": {"type": "Point", "coordinates": [23.72611, 37.97167]}, "properties": {"name": "Acropolis of Athens", "city": "Athens", "country": "Greece", "cc": "GR", "wikis": 97, "rank": 2}}, {"type": "Feature", "geometry": {"type": "Point", "coordinates": [23.70806, 37.99236]}, "properties": {"name": "Platonic Academy", "city": "Athens", "country": "Greece", "cc": "GR", "wikis": 68, "rank": 3}}, {"type": "Feature", "geometry": {"type": "Point", "coordinates": [-61.7522, 12.0538]}, "properties": {"name": "Roman Catholic Diocese of Saint George's in Grenada", "city": "St. George's", "country": "Grenada", "cc": "GD", "wikis": 12, "rank": 1}}, {"type": "Feature", "geometry": {"type": "Point", "coordinates": [-90.5491, 14.6328]}, "properties": {"name": "Kaminaljuyu", "city": "Guatemala City", "country": "Guatemala", "cc": "GT", "wikis": 21, "rank": 1}}, {"type": "Feature", "geometry": {"type": "Point", "coordinates": [-13.67056, 9.54806]}, "properties": {"name": "Operation Green Sea", "city": "Conakry", "country": "Guinea", "cc": "GN", "wikis": 19, "rank": 1}}, {"type": "Feature", "geometry": {"type": "Point", "coordinates": [-13.68413, 9.53317]}, "properties": {"name": "Grand Mosque of Conakry", "city": "Conakry", "country": "Guinea", "cc": "GN", "wikis": 16, "rank": 2}}, {"type": "Feature", "geometry": {"type": "Point", "coordinates": [-15.5812, 11.86008]}, "properties": {"name": "The Cathedral of Bissau", "city": "Bissau", "country": "Guinea-Bissau", "cc": "GW", "wikis": 15, "rank": 1}}, {"type": "Feature", "geometry": {"type": "Point", "coordinates": [-58.16194, 6.80722]}, "properties": {"name": "Roman Catholic Diocese of Georgetown", "city": "Georgetown", "country": "Guyana", "cc": "GY", "wikis": 13, "rank": 1}}, {"type": "Feature", "geometry": {"type": "Point", "coordinates": [-72.33886, 18.54311]}, "properties": {"name": "National Palace", "city": "Port-au-Prince", "country": "Haiti", "cc": "HT", "wikis": 21, "rank": 1}}, {"type": "Feature", "geometry": {"type": "Point", "coordinates": [-72.33861, 18.54891]}, "properties": {"name": "Cathedral of Our Lady of the Assumption", "city": "Port-au-Prince", "country": "Haiti", "cc": "HT", "wikis": 18, "rank": 2}}, {"type": "Feature", "geometry": {"type": "Point", "coordinates": [-72.34232, 18.54666]}, "properties": {"name": "National Library of Haiti", "city": "Port-au-Prince", "country": "Haiti", "cc": "HT", "wikis": 12, "rank": 3}}, {"type": "Feature", "geometry": {"type": "Point", "coordinates": [-87.05189, 14.18484]}, "properties": {"name": "La Tigra National Park", "city": "Tegucigalpa", "country": "Honduras", "cc": "HN", "wikis": 13, "rank": 1}}, {"type": "Feature", "geometry": {"type": "Point", "coordinates": [-87.20307, 14.10487]}, "properties": {"name": "Juan Ramón Molina National Library", "city": "Tegucigalpa", "country": "Honduras", "cc": "HN", "wikis": 13, "rank": 2}}, {"type": "Feature", "geometry": {"type": "Point", "coordinates": [19.04556, 47.50694]}, "properties": {"name": "Hungarian Parliament Building", "city": "Budapest", "country": "Hungary", "cc": "HU", "wikis": 57, "rank": 1}}, {"type": "Feature", "geometry": {"type": "Point", "coordinates": [19.03972, 47.49611]}, "properties": {"name": "Buda Castle", "city": "Budapest", "country": "Hungary", "cc": "HU", "wikis": 47, "rank": 2}}, {"type": "Feature", "geometry": {"type": "Point", "coordinates": [19.04353, 47.49891]}, "properties": {"name": "Széchenyi Chain Bridge", "city": "Budapest", "country": "Hungary", "cc": "HU", "wikis": 46, "rank": 3}}, {"type": "Feature", "geometry": {"type": "Point", "coordinates": [-21.92694, 64.14194]}, "properties": {"name": "Hallgrímskirkja", "city": "Reykjavík", "country": "Iceland", "cc": "IS", "wikis": 43, "rank": 1}}, {"type": "Feature", "geometry": {"type": "Point", "coordinates": [-21.93578, 64.1485]}, "properties": {"name": "Icelandic Phallological Museum", "city": "Reykjavík", "country": "Iceland", "cc": "IS", "wikis": 41, "rank": 2}}, {"type": "Feature", "geometry": {"type": "Point", "coordinates": [-21.94811, 64.1419]}, "properties": {"name": "National Museum of Iceland", "city": "Reykjavík", "country": "Iceland", "cc": "IS", "wikis": 25, "rank": 3}}, {"type": "Feature", "geometry": {"type": "Point", "coordinates": [77.24028, 28.65583]}, "properties": {"name": "Red Fort", "city": "New Delhi", "country": "India", "cc": "IN", "wikis": 75, "rank": 1}}, {"type": "Feature", "geometry": {"type": "Point", "coordinates": [77.2506, 28.59326]}, "properties": {"name": "Humayun's Tomb", "city": "New Delhi", "country": "India", "cc": "IN", "wikis": 69, "rank": 2}}, {"type": "Feature", "geometry": {"type": "Point", "coordinates": [77.23306, 28.65083]}, "properties": {"name": "Jama Masjid, Delhi", "city": "New Delhi", "country": "India", "cc": "IN", "wikis": 60, "rank": 3}}, {"type": "Feature", "geometry": {"type": "Point", "coordinates": [106.83083, -6.16972]}, "properties": {"name": "Istiqlal Mosque", "city": "Jakarta", "country": "Indonesia", "cc": "ID", "wikis": 41, "rank": 1}}, {"type": "Feature", "geometry": {"type": "Point", "coordinates": [106.82714, -6.17539]}, "properties": {"name": "National Monument of Indonesia", "city": "Jakarta", "country": "Indonesia", "cc": "ID", "wikis": 32, "rank": 2}}, {"type": "Feature", "geometry": {"type": "Point", "coordinates": [106.82167, -6.17611]}, "properties": {"name": "National Museum of Indonesia", "city": "Jakarta", "country": "Indonesia", "cc": "ID", "wikis": 32, "rank": 3}}, {"type": "Feature", "geometry": {"type": "Point", "coordinates": [51.41435, 35.69859]}, "properties": {"name": "Tehran Conference", "city": "Tehran", "country": "Iran", "cc": "IR", "wikis": 71, "rank": 1}}, {"type": "Feature", "geometry": {"type": "Point", "coordinates": [51.42028, 35.67972]}, "properties": {"name": "Golestan Palace", "city": "Tehran", "country": "Iran", "cc": "IR", "wikis": 59, "rank": 2}}, {"type": "Feature", "geometry": {"type": "Point", "coordinates": [51.37533, 35.74461]}, "properties": {"name": "Milad Tower", "city": "Tehran", "country": "Iran", "cc": "IR", "wikis": 51, "rank": 3}}, {"type": "Feature", "geometry": {"type": "Point", "coordinates": [44.3836, 33.3423]}, "properties": {"name": "House of Wisdom", "city": "Baghdad", "country": "Iraq", "cc": "IQ", "wikis": 56, "rank": 1}}, {"type": "Feature", "geometry": {"type": "Point", "coordinates": [44.51722, 33.13722]}, "properties": {"name": "Seleucia", "city": "Baghdad", "country": "Iraq", "cc": "IQ", "wikis": 43, "rank": 2}}, {"type": "Feature", "geometry": {"type": "Point", "coordinates": [44.38583, 33.32861]}, "properties": {"name": "National Museum of Iraq", "city": "Baghdad", "country": "Iraq", "cc": "IQ", "wikis": 36, "rank": 3}}, {"type": "Feature", "geometry": {"type": "Point", "coordinates": [-6.26739, 53.34311]}, "properties": {"name": "Dublin Castle", "city": "Dublin", "country": "Ireland", "cc": "IE", "wikis": 39, "rank": 1}}, {"type": "Feature", "geometry": {"type": "Point", "coordinates": [-6.27139, 53.33944]}, "properties": {"name": "St Patrick's Cathedral", "city": "Dublin", "country": "Ireland", "cc": "IE", "wikis": 34, "rank": 2}}, {"type": "Feature", "geometry": {"type": "Point", "coordinates": [-6.25444, 53.34111]}, "properties": {"name": "National Library of Ireland", "city": "Dublin", "country": "Ireland", "cc": "IE", "wikis": 33, "rank": 3}}, {"type": "Feature", "geometry": {"type": "Point", "coordinates": [35.23583, 31.77611]}, "properties": {"name": "Al-Aqsa Mosque", "city": "Jerusalem", "country": "Israel", "cc": "IL", "wikis": 103, "rank": 1}}, {"type": "Feature", "geometry": {"type": "Point", "coordinates": [35.23528, 31.77806]}, "properties": {"name": "Dome of the Rock", "city": "Jerusalem", "country": "Israel", "cc": "IL", "wikis": 87, "rank": 2}}, {"type": "Feature", "geometry": {"type": "Point", "coordinates": [35.23425, 31.77695]}, "properties": {"name": "Western Wall", "city": "Jerusalem", "country": "Israel", "cc": "IL", "wikis": 84, "rank": 3}}, {"type": "Feature", "geometry": {"type": "Point", "coordinates": [12.49222, 41.89028]}, "properties": {"name": "Colosseum", "city": "Rome", "country": "Italy", "cc": "IT", "wikis": 148, "rank": 1}}, {"type": "Feature", "geometry": {"type": "Point", "coordinates": [12.47694, 41.89861]}, "properties": {"name": "Pantheon", "city": "Rome", "country": "Italy", "cc": "IT", "wikis": 81, "rank": 2}}, {"type": "Feature", "geometry": {"type": "Point", "coordinates": [12.4852, 41.8922]}, "properties": {"name": "Roman Forum", "city": "Rome", "country": "Italy", "cc": "IT", "wikis": 72, "rank": 3}}, {"type": "Feature", "geometry": {"type": "Point", "coordinates": [-5.29694, 6.81111]}, "properties": {"name": "Basilica of Our Lady of Peace of Yamoussoukro", "city": "Yamoussoukro", "country": "Ivory Coast", "cc": "CI", "wikis": 47, "rank": 1}}, {"type": "Feature", "geometry": {"type": "Point", "coordinates": [-76.77983, 18.01962]}, "properties": {"name": "Bob Marley Museum", "city": "Kingston", "country": "Jamaica", "cc": "JM", "wikis": 12, "rank": 1}}, {"type": "Feature", "geometry": {"type": "Point", "coordinates": [139.74556, 35.65861]}, "properties": {"name": "Tokyo Tower", "city": "Tokyo", "country": "Japan", "cc": "JP", "wikis": 69, "rank": 1}}, {"type": "Feature", "geometry": {"type": "Point", "coordinates": [139.74417, 35.67833]}, "properties": {"name": "National Diet Library", "city": "Tokyo", "country": "Japan", "cc": "JP", "wikis": 68, "rank": 2}}, {"type": "Feature", "geometry": {"type": "Point", "coordinates": [139.77639, 35.71889]}, "properties": {"name": "Tokyo National Museum", "city": "Tokyo", "country": "Japan", "cc": "JP", "wikis": 52, "rank": 3}}, {"type": "Feature", "geometry": {"type": "Point", "coordinates": [35.72722, 32.03917]}, "properties": {"name": "Salt", "city": "Amman", "country": "Jordan", "cc": "JO", "wikis": 52, "rank": 1}}, {"type": "Feature", "geometry": {"type": "Point", "coordinates": [35.91312, 31.96158]}, "properties": {"name": "King Abdullah I Mosque", "city": "Amman", "country": "Jordan", "cc": "JO", "wikis": 29, "rank": 2}}, {"type": "Feature", "geometry": {"type": "Point", "coordinates": [35.976, 31.988]}, "properties": {"name": "Ayn Ghazal", "city": "Amman", "country": "Jordan", "cc": "JO", "wikis": 25, "rank": 3}}, {"type": "Feature", "geometry": {"type": "Point", "coordinates": [71.41574, 51.12656]}, "properties": {"name": "Nur-Astana Mosque", "city": "Astana", "country": "Kazakhstan", "cc": "KZ", "wikis": 30, "rank": 1}}, {"type": "Feature", "geometry": {"type": "Point", "coordinates": [71.44639, 51.12583]}, "properties": {"name": "Ak Orda Presidential Palace", "city": "Astana", "country": "Kazakhstan", "cc": "KZ", "wikis": 29, "rank": 2}}, {"type": "Feature", "geometry": {"type": "Point", "coordinates": [71.43056, 51.12833]}, "properties": {"name": "Bayterek", "city": "Astana", "country": "Kazakhstan", "cc": "KZ", "wikis": 29, "rank": 3}}, {"type": "Feature", "geometry": {"type": "Point", "coordinates": [36.85889, -1.37333]}, "properties": {"name": "Nairobi National Park", "city": "Nairobi", "country": "Kenya", "cc": "KE", "wikis": 42, "rank": 1}}, {"type": "Feature", "geometry": {"type": "Point", "coordinates": [36.82056, -1.28694]}, "properties": {"name": "Cathedral Basilica of the Holy Family", "city": "Nairobi", "country": "Kenya", "cc": "KE", "wikis": 16, "rank": 2}}, {"type": "Feature", "geometry": {"type": "Point", "coordinates": [36.7125, -1.35194]}, "properties": {"name": "Karen Blixen Museum", "city": "Nairobi", "country": "Kenya", "cc": "KE", "wikis": 15, "rank": 3}}, {"type": "Feature", "geometry": {"type": "Point", "coordinates": [12.82164, 55.57644]}, "properties": {"name": "Øresund Bridge", "city": "Copenhagen", "country": "Kingdom of Denmark", "cc": "DK", "wikis": 72, "rank": 1}}, {"type": "Feature", "geometry": {"type": "Point", "coordinates": [12.59333, 55.68403]}, "properties": {"name": "Amalienborg", "city": "Copenhagen", "country": "Kingdom of Denmark", "cc": "DK", "wikis": 44, "rank": 2}}, {"type": "Feature", "geometry": {"type": "Point", "coordinates": [12.58221, 55.67383]}, "properties": {"name": "Royal Danish Library", "city": "Copenhagen", "country": "Kingdom of Denmark", "cc": "DK", "wikis": 42, "rank": 3}}, {"type": "Feature", "geometry": {"type": "Point", "coordinates": [4.88111, 52.35833]}, "properties": {"name": "Van Gogh Museum", "city": "Amsterdam", "country": "Kingdom of the Netherlands", "cc": "NL", "wikis": 60, "rank": 1}}, {"type": "Feature", "geometry": {"type": "Point", "coordinates": [4.89306, 52.37444]}, "properties": {"name": "Defence Line of Amsterdam", "city": "Amsterdam", "country": "Kingdom of the Netherlands", "cc": "NL", "wikis": 39, "rank": 2}}, {"type": "Feature", "geometry": {"type": "Point", "coordinates": [4.87908, 52.35631]}, "properties": {"name": "Concertgebouw", "city": "Amsterdam", "country": "Kingdom of the Netherlands", "cc": "NL", "wikis": 38, "rank": 3}}, {"type": "Feature", "geometry": {"type": "Point", "coordinates": [173.12142, 1.3665]}, "properties": {"name": "Te Umanibong", "city": "South Tarawa", "country": "Kiribati", "cc": "KI", "wikis": 11, "rank": 1}}, {"type": "Feature", "geometry": {"type": "Point", "coordinates": [173.007, 1.33266]}, "properties": {"name": "Sacred Heart Cathedral", "city": "South Tarawa", "country": "Kiribati", "cc": "KI", "wikis": 8, "rank": 2}}, {"type": "Feature", "geometry": {"type": "Point", "coordinates": [47.99278, 29.37861]}, "properties": {"name": "Al Hamra Tower", "city": "Kuwait City", "country": "Kuwait", "cc": "KW", "wikis": 38, "rank": 1}}, {"type": "Feature", "geometry": {"type": "Point", "coordinates": [48.00306, 29.39]}, "properties": {"name": "Kuwait Towers", "city": "Kuwait City", "country": "Kuwait", "cc": "KW", "wikis": 36, "rank": 2}}, {"type": "Feature", "geometry": {"type": "Point", "coordinates": [47.97833, 29.36972]}, "properties": {"name": "Grand Mosque", "city": "Kuwait City", "country": "Kuwait", "cc": "KW", "wikis": 19, "rank": 3}}, {"type": "Feature", "geometry": {"type": "Point", "coordinates": [74.60389, 42.87639]}, "properties": {"name": "Ala-Too Square", "city": "Bishkek", "country": "Kyrgyzstan", "cc": "KG", "wikis": 20, "rank": 1}}, {"type": "Feature", "geometry": {"type": "Point", "coordinates": [74.61082, 42.88139]}, "properties": {"name": "National Library of the Kyrgyz Republic", "city": "Bishkek", "country": "Kyrgyzstan", "cc": "KG", "wikis": 12, "rank": 2}}, {"type": "Feature", "geometry": {"type": "Point", "coordinates": [74.61995, 42.88357]}, "properties": {"name": "Bishkek Central Mosque", "city": "Bishkek", "country": "Kyrgyzstan", "cc": "KG", "wikis": 12, "rank": 3}}, {"type": "Feature", "geometry": {"type": "Point", "coordinates": [102.63425, 17.97617]}, "properties": {"name": "Pha That Luang", "city": "Vientiane", "country": "Laos", "cc": "LA", "wikis": 39, "rank": 1}}, {"type": "Feature", "geometry": {"type": "Point", "coordinates": [102.71556, 17.87833]}, "properties": {"name": "First Thai–Lao Friendship Bridge", "city": "Vientiane", "country": "Laos", "cc": "LA", "wikis": 31, "rank": 2}}, {"type": "Feature", "geometry": {"type": "Point", "coordinates": [102.7651, 17.91225]}, "properties": {"name": "Buddha Park", "city": "Vientiane", "country": "Laos", "cc": "LA", "wikis": 21, "rank": 3}}, {"type": "Feature", "geometry": {"type": "Point", "coordinates": [24.10444, 56.94917]}, "properties": {"name": "Riga Cathedral", "city": "Riga", "country": "Latvia", "cc": "LV", "wikis": 42, "rank": 1}}, {"type": "Feature", "geometry": {"type": "Point", "coordinates": [24.09664, 56.94134]}, "properties": {"name": "National Library of Latvia", "city": "Riga", "country": "Latvia", "cc": "LV", "wikis": 41, "rank": 2}}, {"type": "Feature", "geometry": {"type": "Point", "coordinates": [24.11322, 56.95156]}, "properties": {"name": "Freedom Monument", "city": "Riga", "country": "Latvia", "cc": "LV", "wikis": 41, "rank": 3}}, {"type": "Feature", "geometry": {"type": "Point", "coordinates": [35.6842, 33.9844]}, "properties": {"name": "Armenian Catholic Church", "city": "Beirut", "country": "Lebanon", "cc": "LB", "wikis": 47, "rank": 1}}, {"type": "Feature", "geometry": {"type": "Point", "coordinates": [35.50389, 33.85139]}, "properties": {"name": "2024 Hezbollah headquarters strike", "city": "Beirut", "country": "Lebanon", "cc": "LB", "wikis": 27, "rank": 2}}, {"type": "Feature", "geometry": {"type": "Point", "coordinates": [35.5149, 33.87822]}, "properties": {"name": "National Museum of Beirut", "city": "Beirut", "country": "Lebanon", "cc": "LB", "wikis": 25, "rank": 3}}, {"type": "Feature", "geometry": {"type": "Point", "coordinates": [27.67083, -29.35361]}, "properties": {"name": "Thaba Bosiu", "city": "Maseru", "country": "Lesotho", "cc": "LS", "wikis": 12, "rank": 1}}, {"type": "Feature", "geometry": {"type": "Point", "coordinates": [-10.80394, 6.31685]}, "properties": {"name": "Liberian National Museum", "city": "Monrovia", "country": "Liberia", "cc": "LR", "wikis": 5, "rank": 1}}, {"type": "Feature", "geometry": {"type": "Point", "coordinates": [-10.80261, 6.31694]}, "properties": {"name": "Edward J. Roye Building", "city": "Monrovia", "country": "Liberia", "cc": "LR", "wikis": 3, "rank": 2}}, {"type": "Feature", "geometry": {"type": "Point", "coordinates": [-10.80222, 6.31944]}, "properties": {"name": "Gabriel Tucker Bridge", "city": "Monrovia", "country": "Liberia", "cc": "LR", "wikis": 3, "rank": 3}}, {"type": "Feature", "geometry": {"type": "Point", "coordinates": [13.1811, 32.895]}, "properties": {"name": "Martyrs' Square", "city": "Tripoli", "country": "Libya", "cc": "LY", "wikis": 21, "rank": 1}}, {"type": "Feature", "geometry": {"type": "Point", "coordinates": [13.17542, 32.89953]}, "properties": {"name": "Gurgi Mosque", "city": "Tripoli", "country": "Libya", "cc": "LY", "wikis": 19, "rank": 2}}, {"type": "Feature", "geometry": {"type": "Point", "coordinates": [13.18603, 32.89061]}, "properties": {"name": "Tripoli Cathedral", "city": "Tripoli", "country": "Libya", "cc": "LY", "wikis": 18, "rank": 3}}, {"type": "Feature", "geometry": {"type": "Point", "coordinates": [9.52444, 47.13944]}, "properties": {"name": "Vaduz Castle", "city": "Vaduz", "country": "Liechtenstein", "cc": "LI", "wikis": 40, "rank": 1}}, {"type": "Feature", "geometry": {"type": "Point", "coordinates": [24.93306, 54.6525]}, "properties": {"name": "Trakai Island Castle", "city": "Vilnius", "country": "Lithuania", "cc": "LT", "wikis": 36, "rank": 1}}, {"type": "Feature", "geometry": {"type": "Point", "coordinates": [24.9361, 54.639]}, "properties": {"name": "Trakai Historical National Park", "city": "Vilnius", "country": "Lithuania", "cc": "LT", "wikis": 35, "rank": 2}}, {"type": "Feature", "geometry": {"type": "Point", "coordinates": [25.28788, 54.68589]}, "properties": {"name": "Vilnius Cathedral", "city": "Vilnius", "country": "Lithuania", "cc": "LT", "wikis": 35, "rank": 3}}, {"type": "Feature", "geometry": {"type": "Point", "coordinates": [47.56278, -18.75917]}, "properties": {"name": "Ambohimanga", "city": "Antananarivo", "country": "Madagascar", "cc": "MG", "wikis": 45, "rank": 1}}, {"type": "Feature", "geometry": {"type": "Point", "coordinates": [47.53222, -18.92361]}, "properties": {"name": "Rova of Antananarivo", "city": "Antananarivo", "country": "Madagascar", "cc": "MG", "wikis": 21, "rank": 2}}, {"type": "Feature", "geometry": {"type": "Point", "coordinates": [47.51707, -18.91525]}, "properties": {"name": "National Library of Madagascar", "city": "Antananarivo", "country": "Madagascar", "cc": "MG", "wikis": 14, "rank": 3}}, {"type": "Feature", "geometry": {"type": "Point", "coordinates": [33.7947, -13.96]}, "properties": {"name": "National Library Service of Malawi", "city": "Lilongwe", "country": "Malawi", "cc": "MW", "wikis": 7, "rank": 1}}, {"type": "Feature", "geometry": {"type": "Point", "coordinates": [33.76248, -13.97959]}, "properties": {"name": "Maula Cathedral", "city": "Lilongwe", "country": "Malawi", "cc": "MW", "wikis": 4, "rank": 2}}, {"type": "Feature", "geometry": {"type": "Point", "coordinates": [33.78902, -13.95469]}, "properties": {"name": "Kamuzu Mausoleum", "city": "Lilongwe", "country": "Malawi", "cc": "MW", "wikis": 3, "rank": 3}}, {"type": "Feature", "geometry": {"type": "Point", "coordinates": [101.71167, 3.15778]}, "properties": {"name": "Petronas Towers", "city": "Kuala Lumpur", "country": "Malaysia", "cc": "MY", "wikis": 88, "rank": 1}}, {"type": "Feature", "geometry": {"type": "Point", "coordinates": [101.68391, 3.2374]}, "properties": {"name": "Batu Caves", "city": "Kuala Lumpur", "country": "Malaysia", "cc": "MY", "wikis": 42, "rank": 2}}, {"type": "Feature", "geometry": {"type": "Point", "coordinates": [101.69167, 3.14194]}, "properties": {"name": "National Mosque of Malaysia", "city": "Kuala Lumpur", "country": "Malaysia", "cc": "MY", "wikis": 36, "rank": 3}}, {"type": "Feature", "geometry": {"type": "Point", "coordinates": [73.5125, 4.17806]}, "properties": {"name": "Malé Friday Mosque", "city": "Malé", "country": "Maldives", "cc": "MV", "wikis": 17, "rank": 1}}, {"type": "Feature", "geometry": {"type": "Point", "coordinates": [73.51014, 4.17718]}, "properties": {"name": "National Museum of Maldives", "city": "Malé", "country": "Maldives", "cc": "MV", "wikis": 13, "rank": 2}}, {"type": "Feature", "geometry": {"type": "Point", "coordinates": [73.51111, 4.17778]}, "properties": {"name": "National Library of Maldives", "city": "Malé", "country": "Maldives", "cc": "MV", "wikis": 12, "rank": 3}}, {"type": "Feature", "geometry": {"type": "Point", "coordinates": [-7.99936, 12.6437]}, "properties": {"name": "Roman Catholic Archdiocese of Bamako", "city": "Bamako", "country": "Mali", "cc": "ML", "wikis": 15, "rank": 1}}, {"type": "Feature", "geometry": {"type": "Point", "coordinates": [-7.99306, 12.64694]}, "properties": {"name": "Bamako Grand Mosque", "city": "Bamako", "country": "Mali", "cc": "ML", "wikis": 15, "rank": 2}}, {"type": "Feature", "geometry": {"type": "Point", "coordinates": [-7.9993, 12.65863]}, "properties": {"name": "National Museum of Mali", "city": "Bamako", "country": "Mali", "cc": "ML", "wikis": 13, "rank": 3}}, {"type": "Feature", "geometry": {"type": "Point", "coordinates": [14.50688, 35.86956]}, "properties": {"name": "Hypogeum of Ħal Saflieni", "city": "Valletta", "country": "Malta", "cc": "MT", "wikis": 47, "rank": 1}}, {"type": "Feature", "geometry": {"type": "Point", "coordinates": [14.51278, 35.89778]}, "properties": {"name": "St. John's Co-Cathedral", "city": "Valletta", "country": "Malta", "cc": "MT", "wikis": 35, "rank": 2}}, {"type": "Feature", "geometry": {"type": "Point", "coordinates": [14.43639, 35.82667]}, "properties": {"name": "Mnajdra", "city": "Valletta", "country": "Malta", "cc": "MT", "wikis": 32, "rank": 3}}, {"type": "Feature", "geometry": {"type": "Point", "coordinates": [171.37852, 7.10215]}, "properties": {"name": "Cathedral of the Assumption, Majuro", "city": "Majuro", "country": "Marshall Islands", "cc": "MH", "wikis": 7, "rank": 1}}, {"type": "Feature", "geometry": {"type": "Point", "coordinates": [171.37417, 7.10783]}, "properties": {"name": "Baet-Ul-Ahad Mosque", "city": "Majuro", "country": "Marshall Islands", "cc": "MH", "wikis": 5, "rank": 2}}, {"type": "Feature", "geometry": {"type": "Point", "coordinates": [171.37383, 7.10767]}, "properties": {"name": "National Archives of the Marshall Islands", "city": "Majuro", "country": "Marshall Islands", "cc": "MH", "wikis": 4, "rank": 3}}, {"type": "Feature", "geometry": {"type": "Point", "coordinates": [-15.97472, 18.08556]}, "properties": {"name": "National Museum of Mauritania", "city": "Nouakchott", "country": "Mauritania", "cc": "MR", "wikis": 15, "rank": 1}}, {"type": "Feature", "geometry": {"type": "Point", "coordinates": [-15.97505, 18.08592]}, "properties": {"name": "National Library of Mauritania", "city": "Nouakchott", "country": "Mauritania", "cc": "MR", "wikis": 14, "rank": 2}}, {"type": "Feature", "geometry": {"type": "Point", "coordinates": [57.50688, -20.16409]}, "properties": {"name": "Roman Catholic Diocese of Port-Louis", "city": "Port Louis", "country": "Mauritius", "cc": "MU", "wikis": 15, "rank": 1}}, {"type": "Feature", "geometry": {"type": "Point", "coordinates": [57.57725, -20.10815]}, "properties": {"name": "Sir Seewoosagur Ramgoolam Botanical Garden", "city": "Port Louis", "country": "Mauritius", "cc": "MU", "wikis": 13, "rank": 2}}, {"type": "Feature", "geometry": {"type": "Point", "coordinates": [-99.13308, 19.43439]}, "properties": {"name": "Mexico City Metropolitan Cathedral", "city": "Mexico City", "country": "Mexico", "cc": "MX", "wikis": 61, "rank": 1}}, {"type": "Feature", "geometry": {"type": "Point", "coordinates": [-99.18611, 19.42611]}, "properties": {"name": "National Museum of Anthropology", "city": "Mexico City", "country": "Mexico", "cc": "MX", "wikis": 41, "rank": 2}}, {"type": "Feature", "geometry": {"type": "Point", "coordinates": [-99.14139, 19.43528]}, "properties": {"name": "Palace of Fine arts", "city": "Mexico City", "country": "Mexico", "cc": "MX", "wikis": 34, "rank": 3}}, {"type": "Feature", "geometry": {"type": "Point", "coordinates": [28.83008, 47.02292]}, "properties": {"name": "National Library of Moldova", "city": "Chișinău", "country": "Moldova", "cc": "MD", "wikis": 22, "rank": 1}}, {"type": "Feature", "geometry": {"type": "Point", "coordinates": [28.83453, 47.02606]}, "properties": {"name": "Nativity of Christ Cathedral", "city": "Chișinău", "country": "Moldova", "cc": "MD", "wikis": 21, "rank": 2}}, {"type": "Feature", "geometry": {"type": "Point", "coordinates": [28.8325, 47.02472]}, "properties": {"name": "Triumphal Arch, Chișinău", "city": "Chișinău", "country": "Moldova", "cc": "MD", "wikis": 16, "rank": 3}}, {"type": "Feature", "geometry": {"type": "Point", "coordinates": [7.42028, 43.73142]}, "properties": {"name": "Prince's Palace of Monaco", "city": "Monaco", "country": "Monaco", "cc": "MC", "wikis": 32, "rank": 1}}, {"type": "Feature", "geometry": {"type": "Point", "coordinates": [7.29907, 43.72744]}, "properties": {"name": "Nice Observatory", "city": "Monaco", "country": "Monaco", "cc": "MC", "wikis": 31, "rank": 2}}, {"type": "Feature", "geometry": {"type": "Point", "coordinates": [106.895, 47.92306]}, "properties": {"name": "Gandantegchinlen Monastery", "city": "Ulaanbaatar", "country": "Mongolia", "cc": "MN", "wikis": 22, "rank": 1}}, {"type": "Feature", "geometry": {"type": "Point", "coordinates": [106.918, 47.9189]}, "properties": {"name": "Sükhbaatar Square", "city": "Ulaanbaatar", "country": "Mongolia", "cc": "MN", "wikis": 19, "rank": 2}}, {"type": "Feature", "geometry": {"type": "Point", "coordinates": [106.91833, 47.915]}, "properties": {"name": "Choijin Lama Temple", "city": "Ulaanbaatar", "country": "Mongolia", "cc": "MN", "wikis": 17, "rank": 3}}, {"type": "Feature", "geometry": {"type": "Point", "coordinates": [19.24824, 42.4457]}, "properties": {"name": "Cathedral of the Resurrection of Christ", "city": "Podgorica", "country": "Montenegro", "cc": "ME", "wikis": 21, "rank": 1}}, {"type": "Feature", "geometry": {"type": "Point", "coordinates": [19.25901, 42.44491]}, "properties": {"name": "Millennium Bridge", "city": "Podgorica", "country": "Montenegro", "cc": "ME", "wikis": 21, "rank": 2}}, {"type": "Feature", "geometry": {"type": "Point", "coordinates": [19.3875, 42.5525]}, "properties": {"name": "Mala Rijeka Viaduct", "city": "Podgorica", "country": "Montenegro", "cc": "ME", "wikis": 18, "rank": 3}}, {"type": "Feature", "geometry": {"type": "Point", "coordinates": [-6.82028, 34.00667]}, "properties": {"name": "Chellah", "city": "Rabat", "country": "Morocco", "cc": "MA", "wikis": 24, "rank": 1}}, {"type": "Feature", "geometry": {"type": "Point", "coordinates": [-6.83556, 34.03056]}, "properties": {"name": "Kasbah of the Udayas", "city": "Rabat", "country": "Morocco", "cc": "MA", "wikis": 23, "rank": 2}}, {"type": "Feature", "geometry": {"type": "Point", "coordinates": [-6.82195, 34.02261]}, "properties": {"name": "Mausoleum of Mohammed V", "city": "Rabat", "country": "Morocco", "cc": "MA", "wikis": 22, "rank": 3}}, {"type": "Feature", "geometry": {"type": "Point", "coordinates": [32.55708, -25.97301]}, "properties": {"name": "Maputo–Catembe Bridge", "city": "Maputo", "country": "Mozambique", "cc": "MZ", "wikis": 13, "rank": 1}}, {"type": "Feature", "geometry": {"type": "Point", "coordinates": [96.14062, 19.7749]}, "properties": {"name": "National Library of Myanmar", "city": "Naypyidaw", "country": "Myanmar", "cc": "MM", "wikis": 14, "rank": 1}}, {"type": "Feature", "geometry": {"type": "Point", "coordinates": [96.18299, 19.77115]}, "properties": {"name": "Uppatasanti Pagoda", "city": "Naypyidaw", "country": "Myanmar", "cc": "MM", "wikis": 13, "rank": 2}}, {"type": "Feature", "geometry": {"type": "Point", "coordinates": [17.08722, -22.56778]}, "properties": {"name": "Christ Church, Windhoek", "city": "Windhoek", "country": "Namibia", "cc": "NA", "wikis": 17, "rank": 1}}, {"type": "Feature", "geometry": {"type": "Point", "coordinates": [166.91479, -0.54511]}, "properties": {"name": "Nauru Museum", "city": "Yaren District", "country": "Nauru", "cc": "NR", "wikis": 6, "rank": 1}}, {"type": "Feature", "geometry": {"type": "Point", "coordinates": [166.93173, -0.50588]}, "properties": {"name": "Christ the King Church, Arubo", "city": "Yaren District", "country": "Nauru", "cc": "NR", "wikis": 4, "rank": 2}}, {"type": "Feature", "geometry": {"type": "Point", "coordinates": [85.34865, 27.7105]}, "properties": {"name": "Pashupatinath Temple", "city": "Kathmandu", "country": "Nepal", "cc": "NP", "wikis": 45, "rank": 1}}, {"type": "Feature", "geometry": {"type": "Point", "coordinates": [85.3117, 27.7006]}, "properties": {"name": "Dharahara", "city": "Kathmandu", "country": "Nepal", "cc": "NP", "wikis": 35, "rank": 2}}, {"type": "Feature", "geometry": {"type": "Point", "coordinates": [85.29, 27.715]}, "properties": {"name": "Swayambhunath", "city": "Kathmandu", "country": "Nepal", "cc": "NP", "wikis": 34, "rank": 3}}, {"type": "Feature", "geometry": {"type": "Point", "coordinates": [174.78194, -41.29056]}, "properties": {"name": "Museum of New Zealand Te Papa Tongarewa", "city": "Wellington", "country": "New Zealand", "cc": "NZ", "wikis": 33, "rank": 1}}, {"type": "Feature", "geometry": {"type": "Point", "coordinates": [174.7784, -41.27657]}, "properties": {"name": "National Library of New Zealand", "city": "Wellington", "country": "New Zealand", "cc": "NZ", "wikis": 17, "rank": 2}}, {"type": "Feature", "geometry": {"type": "Point", "coordinates": [-86.27135, 12.15635]}, "properties": {"name": "Old Cathedral of Managua", "city": "Managua", "country": "Nicaragua", "cc": "NI", "wikis": 12, "rank": 1}}, {"type": "Feature", "geometry": {"type": "Point", "coordinates": [2.1329, 13.5221]}, "properties": {"name": "Niamey Grand Mosque", "city": "Niamey", "country": "Niger", "cc": "NE", "wikis": 14, "rank": 1}}, {"type": "Feature", "geometry": {"type": "Point", "coordinates": [2.10722, 13.51111]}, "properties": {"name": "Boubou Hama National Museum", "city": "Niamey", "country": "Niger", "cc": "NE", "wikis": 12, "rank": 2}}, {"type": "Feature", "geometry": {"type": "Point", "coordinates": [7.4925, 9.06083]}, "properties": {"name": "Abuja National Mosque", "city": "Abuja", "country": "Nigeria", "cc": "NG", "wikis": 31, "rank": 1}}, {"type": "Feature", "geometry": {"type": "Point", "coordinates": [7.48333, 9.06667]}, "properties": {"name": "Roman Catholic Archdiocese of Abuja", "city": "Abuja", "country": "Nigeria", "cc": "NG", "wikis": 16, "rank": 2}}, {"type": "Feature", "geometry": {"type": "Point", "coordinates": [7.49739, 9.05767]}, "properties": {"name": "Catholic Church in Nigeria", "city": "Abuja", "country": "Nigeria", "cc": "NG", "wikis": 14, "rank": 3}}, {"type": "Feature", "geometry": {"type": "Point", "coordinates": [125.76361, 39.01759]}, "properties": {"name": "Juche Tower", "city": "Pyongyang", "country": "North Korea", "cc": "KP", "wikis": 48, "rank": 1}}, {"type": "Feature", "geometry": {"type": "Point", "coordinates": [125.78905, 39.06327]}, "properties": {"name": "Kumsusan Palace of the Sun", "city": "Pyongyang", "country": "North Korea", "cc": "KP", "wikis": 36, "rank": 2}}, {"type": "Feature", "geometry": {"type": "Point", "coordinates": [125.75247, 39.01953]}, "properties": {"name": "Kim Il-sung Square", "city": "Pyongyang", "country": "North Korea", "cc": "KP", "wikis": 34, "rank": 3}}, {"type": "Feature", "geometry": {"type": "Point", "coordinates": [21.43444, 42.0]}, "properties": {"name": "Skopje Fortress", "city": "Skopje", "country": "North Macedonia", "cc": "MK", "wikis": 28, "rank": 1}}, {"type": "Feature", "geometry": {"type": "Point", "coordinates": [21.43307, 41.99699]}, "properties": {"name": "Stone Bridge in Skopje", "city": "Skopje", "country": "North Macedonia", "cc": "MK", "wikis": 28, "rank": 2}}, {"type": "Feature", "geometry": {"type": "Point", "coordinates": [21.39441, 41.96503]}, "properties": {"name": "Millennium Cross", "city": "Skopje", "country": "North Macedonia", "cc": "MK", "wikis": 24, "rank": 3}}, {"type": "Feature", "geometry": {"type": "Point", "coordinates": [10.75361, 59.90694]}, "properties": {"name": "Oslo Opera House", "city": "Oslo", "country": "Norway", "cc": "NO", "wikis": 44, "rank": 1}}, {"type": "Feature", "geometry": {"type": "Point", "coordinates": [10.75531, 59.90575]}, "properties": {"name": "Munch Museum", "city": "Oslo", "country": "Norway", "cc": "NO", "wikis": 38, "rank": 2}}, {"type": "Feature", "geometry": {"type": "Point", "coordinates": [10.73625, 59.90661]}, "properties": {"name": "Akershus Fortress", "city": "Oslo", "country": "Norway", "cc": "NO", "wikis": 37, "rank": 3}}, {"type": "Feature", "geometry": {"type": "Point", "coordinates": [58.38917, 23.58389]}, "properties": {"name": "Sultan Qaboos Grand Mosque", "city": "Muscat", "country": "Oman", "cc": "OM", "wikis": 35, "rank": 1}}, {"type": "Feature", "geometry": {"type": "Point", "coordinates": [58.46872, 23.61406]}, "properties": {"name": "Royal Opera House Muscat", "city": "Muscat", "country": "Oman", "cc": "OM", "wikis": 17, "rank": 2}}, {"type": "Feature", "geometry": {"type": "Point", "coordinates": [58.5947, 23.616]}, "properties": {"name": "Al Alam Palace", "city": "Muscat", "country": "Oman", "cc": "OM", "wikis": 15, "rank": 3}}, {"type": "Feature", "geometry": {"type": "Point", "coordinates": [73.03722, 33.72972]}, "properties": {"name": "Faisal Mosque", "city": "Rawalpindi", "country": "Pakistan", "cc": "PK", "wikis": 54, "rank": 1}}, {"type": "Feature", "geometry": {"type": "Point", "coordinates": [73.08697, 33.71286]}, "properties": {"name": "Lal Masjid", "city": "Rawalpindi", "country": "Pakistan", "cc": "PK", "wikis": 31, "rank": 2}}, {"type": "Feature", "geometry": {"type": "Point", "coordinates": [73.06833, 33.69333]}, "properties": {"name": "Pakistan Monument", "city": "Rawalpindi", "country": "Pakistan", "cc": "PK", "wikis": 25, "rank": 3}}, {"type": "Feature", "geometry": {"type": "Point", "coordinates": [134.50424, 7.36204]}, "properties": {"name": "Koror–Babeldaob Bridge", "city": "Ngerulmud", "country": "Palau", "cc": "PW", "wikis": 14, "rank": 1}}, {"type": "Feature", "geometry": {"type": "Point", "coordinates": [134.47611, 7.33639]}, "properties": {"name": "Belau National Museum", "city": "Ngerulmud", "country": "Palau", "cc": "PW", "wikis": 14, "rank": 2}}, {"type": "Feature", "geometry": {"type": "Point", "coordinates": [35.4586, 31.7408]}, "properties": {"name": "Dead Sea scrolls", "city": "East Jerusalem", "country": "Palestine", "cc": "PS", "wikis": 84, "rank": 3}}, {"type": "Feature", "geometry": {"type": "Point", "coordinates": [-79.565, 8.94306]}, "properties": {"name": "Bridge of the Americas", "city": "Panama City", "country": "Panama", "cc": "PA", "wikis": 36, "rank": 1}}, {"type": "Feature", "geometry": {"type": "Point", "coordinates": [-79.48515, 9.00683]}, "properties": {"name": "Panamá Viejo", "city": "Panama City", "country": "Panama", "cc": "PA", "wikis": 27, "rank": 2}}, {"type": "Feature", "geometry": {"type": "Point", "coordinates": [-79.63569, 9.03005]}, "properties": {"name": "Centennial Bridge, Panama", "city": "Panama City", "country": "Panama", "cc": "PA", "wikis": 23, "rank": 3}}, {"type": "Feature", "geometry": {"type": "Point", "coordinates": [147.17725, -9.4585]}, "properties": {"name": "Hohola Mosque", "city": "Port Moresby", "country": "Papua New Guinea", "cc": "PG", "wikis": 7, "rank": 1}}, {"type": "Feature", "geometry": {"type": "Point", "coordinates": [147.19011, -9.42561]}, "properties": {"name": "Papua New Guinea National Museum and Art Gallery", "city": "Port Moresby", "country": "Papua New Guinea", "cc": "PG", "wikis": 6, "rank": 2}}, {"type": "Feature", "geometry": {"type": "Point", "coordinates": [147.14963, -9.48081]}, "properties": {"name": "St. Mary's Cathedral, Port Moresby", "city": "Port Moresby", "country": "Papua New Guinea", "cc": "PG", "wikis": 5, "rank": 3}}, {"type": "Feature", "geometry": {"type": "Point", "coordinates": [-57.63757, -25.27764]}, "properties": {"name": "Palacio de López", "city": "Asunción", "country": "Paraguay", "cc": "PY", "wikis": 23, "rank": 1}}, {"type": "Feature", "geometry": {"type": "Point", "coordinates": [-57.657, -25.2777]}, "properties": {"name": "National Library of Paraguay", "city": "Asunción", "country": "Paraguay", "cc": "PY", "wikis": 14, "rank": 2}}, {"type": "Feature", "geometry": {"type": "Point", "coordinates": [-57.6324, -25.2816]}, "properties": {"name": "Metropolitan Cathedral of Our Lady of the Assumption, Asunción", "city": "Asunción", "country": "Paraguay", "cc": "PY", "wikis": 14, "rank": 3}}, {"type": "Feature", "geometry": {"type": "Point", "coordinates": [116.39083, 39.91583]}, "properties": {"name": "Forbidden City", "city": "Beijing", "country": "People's Republic of China", "cc": "CN", "wikis": 104, "rank": 1}}, {"type": "Feature", "geometry": {"type": "Point", "coordinates": [116.39139, 39.90457]}, "properties": {"name": "Tiananmen Square", "city": "Beijing", "country": "People's Republic of China", "cc": "CN", "wikis": 78, "rank": 2}}, {"type": "Feature", "geometry": {"type": "Point", "coordinates": [116.4066, 39.8822]}, "properties": {"name": "Temple of Heaven", "city": "Beijing", "country": "People's Republic of China", "cc": "CN", "wikis": 68, "rank": 3}}, {"type": "Feature", "geometry": {"type": "Point", "coordinates": [-77.08333, -12.05833]}, "properties": {"name": "National University of San Marcos", "city": "Lima", "country": "Peru", "cc": "PE", "wikis": 41, "rank": 1}}, {"type": "Feature", "geometry": {"type": "Point", "coordinates": [-77.03004, -12.04647]}, "properties": {"name": "Cathedral of Lima", "city": "Lima", "country": "Peru", "cc": "PE", "wikis": 19, "rank": 2}}, {"type": "Feature", "geometry": {"type": "Point", "coordinates": [-77.07086, -12.0725]}, "properties": {"name": "Larco Museum", "city": "Lima", "country": "Peru", "cc": "PE", "wikis": 18, "rank": 3}}, {"type": "Feature", "geometry": {"type": "Point", "coordinates": [120.97535, 14.58886]}, "properties": {"name": "San Agustin Church", "city": "Manila", "country": "Philippines", "cc": "PH", "wikis": 29, "rank": 1}}, {"type": "Feature", "geometry": {"type": "Point", "coordinates": [120.99452, 14.59386]}, "properties": {"name": "Malacañang Palace", "city": "Manila", "country": "Philippines", "cc": "PH", "wikis": 24, "rank": 2}}, {"type": "Feature", "geometry": {"type": "Point", "coordinates": [120.97356, 14.59147]}, "properties": {"name": "Manila Cathedral", "city": "Manila", "country": "Philippines", "cc": "PH", "wikis": 22, "rank": 3}}, {"type": "Feature", "geometry": {"type": "Point", "coordinates": [21.00639, 52.23167]}, "properties": {"name": "Palace of Culture and Science", "city": "Warsaw", "country": "Poland", "cc": "PL", "wikis": 51, "rank": 1}}, {"type": "Feature", "geometry": {"type": "Point", "coordinates": [21.00333, 52.21389]}, "properties": {"name": "National Library of Poland", "city": "Warsaw", "country": "Poland", "cc": "PL", "wikis": 50, "rank": 2}}, {"type": "Feature", "geometry": {"type": "Point", "coordinates": [21.01417, 52.24778]}, "properties": {"name": "Royal Castle in Warsaw", "city": "Warsaw", "country": "Poland", "cc": "PL", "wikis": 43, "rank": 3}}, {"type": "Feature", "geometry": {"type": "Point", "coordinates": [-9.21583, 38.69139]}, "properties": {"name": "Belém Tower", "city": "Lisbon", "country": "Portugal", "cc": "PT", "wikis": 57, "rank": 1}}, {"type": "Feature", "geometry": {"type": "Point", "coordinates": [-9.2056, 38.69785]}, "properties": {"name": "Jerónimos Monastery", "city": "Lisbon", "country": "Portugal", "cc": "PT", "wikis": 53, "rank": 2}}, {"type": "Feature", "geometry": {"type": "Point", "coordinates": [-9.04331, 38.76219]}, "properties": {"name": "Vasco da Gama Bridge", "city": "Lisbon", "country": "Portugal", "cc": "PT", "wikis": 52, "rank": 3}}, {"type": "Feature", "geometry": {"type": "Point", "coordinates": [51.53927, 25.29502]}, "properties": {"name": "Museum of Islamic Art", "city": "Doha", "country": "Qatar", "cc": "QA", "wikis": 27, "rank": 1}}, {"type": "Feature", "geometry": {"type": "Point", "coordinates": [51.50955, 25.357]}, "properties": {"name": "Israeli attack on Doha", "city": "Doha", "country": "Qatar", "cc": "QA", "wikis": 25, "rank": 2}}, {"type": "Feature", "geometry": {"type": "Point", "coordinates": [51.54973, 25.2868]}, "properties": {"name": "National Museum of Qatar", "city": "Doha", "country": "Qatar", "cc": "QA", "wikis": 24, "rank": 3}}, {"type": "Feature", "geometry": {"type": "Point", "coordinates": [26.0875, 44.4275]}, "properties": {"name": "Palace of the Parliament", "city": "Bucharest", "country": "Romania", "cc": "RO", "wikis": 45, "rank": 1}}, {"type": "Feature", "geometry": {"type": "Point", "coordinates": [26.11011, 44.4255]}, "properties": {"name": "National Library of Romania", "city": "Bucharest", "country": "Romania", "cc": "RO", "wikis": 34, "rank": 2}}, {"type": "Feature", "geometry": {"type": "Point", "coordinates": [26.08226, 44.42591]}, "properties": {"name": "National Cathedral", "city": "Bucharest", "country": "Romania", "cc": "RO", "wikis": 32, "rank": 3}}, {"type": "Feature", "geometry": {"type": "Point", "coordinates": [37.62, 55.75417]}, "properties": {"name": "Red Square", "city": "Moscow", "country": "Russia", "cc": "RU", "wikis": 101, "rank": 1}}, {"type": "Feature", "geometry": {"type": "Point", "coordinates": [37.62306, 55.7525]}, "properties": {"name": "St. Basil's Cathedral", "city": "Moscow", "country": "Russia", "cc": "RU", "wikis": 78, "rank": 2}}, {"type": "Feature", "geometry": {"type": "Point", "coordinates": [37.61972, 55.75361]}, "properties": {"name": "Lenin's Mausoleum", "city": "Moscow", "country": "Russia", "cc": "RU", "wikis": 62, "rank": 3}}, {"type": "Feature", "geometry": {"type": "Point", "coordinates": [30.09368, -2.14907]}, "properties": {"name": "Nyamata Genocide Memorial", "city": "Kigali", "country": "Rwanda", "cc": "RW", "wikis": 18, "rank": 1}}, {"type": "Feature", "geometry": {"type": "Point", "coordinates": [30.06071, -1.93089]}, "properties": {"name": "Kigali Genocide Memorial", "city": "Kigali", "country": "Rwanda", "cc": "RW", "wikis": 17, "rank": 2}}, {"type": "Feature", "geometry": {"type": "Point", "coordinates": [-62.836, 17.347]}, "properties": {"name": "Brimstone Hill Fortress National Park", "city": "Basseterre", "country": "Saint Kitts and Nevis", "cc": "KN", "wikis": 36, "rank": 1}}, {"type": "Feature", "geometry": {"type": "Point", "coordinates": [-61.0, 14.0]}, "properties": {"name": "Lesser Antilles", "city": "Castries", "country": "Saint Lucia", "cc": "LC", "wikis": 102, "rank": 1}}, {"type": "Feature", "geometry": {"type": "Point", "coordinates": [-60.9901, 14.0089]}, "properties": {"name": "Roman Catholic Archdiocese of Castries", "city": "Castries", "country": "Saint Lucia", "cc": "LC", "wikis": 14, "rank": 2}}, {"type": "Feature", "geometry": {"type": "Point", "coordinates": [-61.2, 13.25]}, "properties": {"name": "Windward Islands", "city": "Kingstown", "country": "Saint Vincent and the Grenadines", "cc": "VC", "wikis": 54, "rank": 1}}, {"type": "Feature", "geometry": {"type": "Point", "coordinates": [-61.22892, 13.15755]}, "properties": {"name": "Roman Catholic Diocese of Kingstown", "city": "Kingstown", "country": "Saint Vincent and the Grenadines", "cc": "VC", "wikis": 12, "rank": 2}}, {"type": "Feature", "geometry": {"type": "Point", "coordinates": [-171.766, -13.8321]}, "properties": {"name": "Roman Catholic Archdiocese of Samoa-Apia", "city": "Apia", "country": "Samoa", "cc": "WS", "wikis": 13, "rank": 1}}, {"type": "Feature", "geometry": {"type": "Point", "coordinates": [12.57028, 44.05995]}, "properties": {"name": "Tempio Malatestiano", "city": "San Marino", "country": "San Marino", "cc": "SM", "wikis": 24, "rank": 1}}, {"type": "Feature", "geometry": {"type": "Point", "coordinates": [12.44694, 43.93722]}, "properties": {"name": "Basilica di San Marino", "city": "San Marino", "country": "San Marino", "cc": "SM", "wikis": 21, "rank": 2}}, {"type": "Feature", "geometry": {"type": "Point", "coordinates": [12.44644, 43.93679]}, "properties": {"name": "Palazzo Pubblico", "city": "San Marino", "country": "San Marino", "cc": "SM", "wikis": 20, "rank": 3}}, {"type": "Feature", "geometry": {"type": "Point", "coordinates": [46.67444, 24.71139]}, "properties": {"name": "Kingdom Centre", "city": "Riyadh", "country": "Saudi Arabia", "cc": "SA", "wikis": 42, "rank": 1}}, {"type": "Feature", "geometry": {"type": "Point", "coordinates": [46.68528, 24.69028]}, "properties": {"name": "Al Faisaliah Centre", "city": "Riyadh", "country": "Saudi Arabia", "cc": "SA", "wikis": 24, "rank": 2}}, {"type": "Feature", "geometry": {"type": "Point", "coordinates": [46.7133, 24.6311]}, "properties": {"name": "Masmak Fort", "city": "Riyadh", "country": "Saudi Arabia", "cc": "SA", "wikis": 22, "rank": 3}}, {"type": "Feature", "geometry": {"type": "Point", "coordinates": [-17.39833, 14.66694]}, "properties": {"name": "Gorée", "city": "Dakar", "country": "Senegal", "cc": "SN", "wikis": 59, "rank": 1}}, {"type": "Feature", "geometry": {"type": "Point", "coordinates": [-17.495, 14.72222]}, "properties": {"name": "African Renaissance Monument", "city": "Dakar", "country": "Senegal", "cc": "SN", "wikis": 33, "rank": 2}}, {"type": "Feature", "geometry": {"type": "Point", "coordinates": [-17.43807, 14.66331]}, "properties": {"name": "IFAN Museum of African Arts", "city": "Dakar", "country": "Senegal", "cc": "SN", "wikis": 13, "rank": 3}}, {"type": "Feature", "geometry": {"type": "Point", "coordinates": [20.46855, 44.79808]}, "properties": {"name": "Church of Saint Sava", "city": "Belgrade", "country": "Serbia", "cc": "RS", "wikis": 47, "rank": 1}}, {"type": "Feature", "geometry": {"type": "Point", "coordinates": [20.46717, 44.79753]}, "properties": {"name": "National Library of Serbia", "city": "Belgrade", "country": "Serbia", "cc": "RS", "wikis": 35, "rank": 2}}, {"type": "Feature", "geometry": {"type": "Point", "coordinates": [20.4503, 44.8236]}, "properties": {"name": "Belgrade Fortress", "city": "Belgrade", "country": "Serbia", "cc": "RS", "wikis": 32, "rank": 3}}, {"type": "Feature", "geometry": {"type": "Point", "coordinates": [55.50028, -4.62111]}, "properties": {"name": "Sainte Anne Marine National Park", "city": "Victoria", "country": "Seychelles", "cc": "SC", "wikis": 13, "rank": 1}}, {"type": "Feature", "geometry": {"type": "Point", "coordinates": [-13.23584, 8.48669]}, "properties": {"name": "Sierra Leone National Museum", "city": "Freetown", "country": "Sierra Leone", "cc": "SL", "wikis": 6, "rank": 1}}, {"type": "Feature", "geometry": {"type": "Point", "coordinates": [-13.23568, 8.49003]}, "properties": {"name": "St. George's Cathedral, Freetown", "city": "Freetown", "country": "Sierra Leone", "cc": "SL", "wikis": 6, "rank": 2}}, {"type": "Feature", "geometry": {"type": "Point", "coordinates": [-13.23317, 8.4894]}, "properties": {"name": "Sacred Heart Cathedral, Freetown", "city": "Freetown", "country": "Sierra Leone", "cc": "SL", "wikis": 5, "rank": 3}}, {"type": "Feature", "geometry": {"type": "Point", "coordinates": [103.8162, 1.3151]}, "properties": {"name": "Singapore Botanic Gardens", "city": "Singapore", "country": "Singapore", "cc": "SG", "wikis": 47, "rank": 1}}, {"type": "Feature", "geometry": {"type": "Point", "coordinates": [103.86527, 1.28332]}, "properties": {"name": "Gardens by the Bay", "city": "Singapore", "country": "Singapore", "cc": "SG", "wikis": 38, "rank": 2}}, {"type": "Feature", "geometry": {"type": "Point", "coordinates": [103.79105, 1.40471]}, "properties": {"name": "Singapore Zoo", "city": "Singapore", "country": "Singapore", "cc": "SG", "wikis": 27, "rank": 3}}, {"type": "Feature", "geometry": {"type": "Point", "coordinates": [17.1, 48.14222]}, "properties": {"name": "Bratislava Castle", "city": "Bratislava", "country": "Slovakia", "cc": "SK", "wikis": 47, "rank": 1}}, {"type": "Feature", "geometry": {"type": "Point", "coordinates": [16.86139, 48.11333]}, "properties": {"name": "Carnuntum", "city": "Bratislava", "country": "Slovakia", "cc": "SK", "wikis": 43, "rank": 2}}, {"type": "Feature", "geometry": {"type": "Point", "coordinates": [17.10444, 48.13833]}, "properties": {"name": "Bridge of the Slovak National Uprising", "city": "Bratislava", "country": "Slovakia", "cc": "SK", "wikis": 36, "rank": 3}}, {"type": "Feature", "geometry": {"type": "Point", "coordinates": [14.29361, 45.96222]}, "properties": {"name": "Vrhnika", "city": "Ljubljana", "country": "Slovenia", "cc": "SI", "wikis": 40, "rank": 1}}, {"type": "Feature", "geometry": {"type": "Point", "coordinates": [14.50863, 46.04871]}, "properties": {"name": "Ljubljana Castle", "city": "Ljubljana", "country": "Slovenia", "cc": "SI", "wikis": 31, "rank": 2}}, {"type": "Feature", "geometry": {"type": "Point", "coordinates": [14.50824, 46.05071]}, "properties": {"name": "Ljubljana Cathedral", "city": "Ljubljana", "country": "Slovenia", "cc": "SI", "wikis": 29, "rank": 3}}, {"type": "Feature", "geometry": {"type": "Point", "coordinates": [159.951, -9.43509]}, "properties": {"name": "Carlson's patrol", "city": "Honiara", "country": "Solomon Islands", "cc": "SB", "wikis": 11, "rank": 1}}, {"type": "Feature", "geometry": {"type": "Point", "coordinates": [159.96347, -9.43625]}, "properties": {"name": "Holy Cross Cathedral", "city": "Honiara", "country": "Solomon Islands", "cc": "SB", "wikis": 7, "rank": 2}}, {"type": "Feature", "geometry": {"type": "Point", "coordinates": [159.95778, -9.43444]}, "properties": {"name": "Red House", "city": "Honiara", "country": "Solomon Islands", "cc": "SB", "wikis": 4, "rank": 3}}, {"type": "Feature", "geometry": {"type": "Point", "coordinates": [45.34161, 2.03574]}, "properties": {"name": "Mogadishu Cathedral", "city": "Mogadishu", "country": "Somalia", "cc": "SO", "wikis": 20, "rank": 1}}, {"type": "Feature", "geometry": {"type": "Point", "coordinates": [45.3308, 2.03583]}, "properties": {"name": "Mosque of Islamic Solidarity", "city": "Mogadishu", "country": "Somalia", "cc": "SO", "wikis": 16, "rank": 2}}, {"type": "Feature", "geometry": {"type": "Point", "coordinates": [45.34295, 2.03347]}, "properties": {"name": "Fakr ad-Din Mosque", "city": "Mogadishu", "country": "Somalia", "cc": "SO", "wikis": 15, "rank": 3}}, {"type": "Feature", "geometry": {"type": "Point", "coordinates": [18.42772, -33.92591]}, "properties": {"name": "Castle of Good Hope", "city": "Cape Town", "country": "South Africa", "cc": "ZA", "wikis": 28, "rank": 1}}, {"type": "Feature", "geometry": {"type": "Point", "coordinates": [18.425, -33.9667]}, "properties": {"name": "Table Mountain National Park", "city": "Cape Town", "country": "South Africa", "cc": "ZA", "wikis": 23, "rank": 2}}, {"type": "Feature", "geometry": {"type": "Point", "coordinates": [18.47739, -33.93436]}, "properties": {"name": "South African Astronomical Observatory", "city": "Cape Town", "country": "South Africa", "cc": "ZA", "wikis": 20, "rank": 3}}, {"type": "Feature", "geometry": {"type": "Point", "coordinates": [126.99167, 37.57944]}, "properties": {"name": "Changdeokgung", "city": "Seoul", "country": "South Korea", "cc": "KR", "wikis": 50, "rank": 1}}, {"type": "Feature", "geometry": {"type": "Point", "coordinates": [126.99361, 37.57472]}, "properties": {"name": "Jongmyo", "city": "Seoul", "country": "South Korea", "cc": "KR", "wikis": 45, "rank": 2}}, {"type": "Feature", "geometry": {"type": "Point", "coordinates": [126.9768, 37.57988]}, "properties": {"name": "Gyeongbokgung", "city": "Seoul", "country": "South Korea", "cc": "KR", "wikis": 45, "rank": 3}}, {"type": "Feature", "geometry": {"type": "Point", "coordinates": [31.6003, 4.82727]}, "properties": {"name": "St. Theresa Cathedral, Juba", "city": "Juba", "country": "South Sudan", "cc": "SS", "wikis": 8, "rank": 1}}, {"type": "Feature", "geometry": {"type": "Point", "coordinates": [31.60851, 4.8229]}, "properties": {"name": "Juba Nile Bridge", "city": "Juba", "country": "South Sudan", "cc": "SS", "wikis": 3, "rank": 2}}, {"type": "Feature", "geometry": {"type": "Point", "coordinates": [31.60361, 4.81083]}, "properties": {"name": "Freedom Bridge", "city": "Juba", "country": "South Sudan", "cc": "SS", "wikis": 3, "rank": 3}}, {"type": "Feature", "geometry": {"type": "Point", "coordinates": [-3.69021, 40.42382]}, "properties": {"name": "Biblioteca Nacional de España", "city": "Madrid", "country": "Spain", "cc": "ES", "wikis": 64, "rank": 1}}, {"type": "Feature", "geometry": {"type": "Point", "coordinates": [-3.694, 40.40857]}, "properties": {"name": "Museo Nacional Centro de Arte Reina Sofía", "city": "Madrid", "country": "Spain", "cc": "ES", "wikis": 46, "rank": 2}}, {"type": "Feature", "geometry": {"type": "Point", "coordinates": [-3.71431, 40.41795]}, "properties": {"name": "Royal Palace of Madrid", "city": "Madrid", "country": "Spain", "cc": "ES", "wikis": 45, "rank": 3}}, {"type": "Feature", "geometry": {"type": "Point", "coordinates": [79.85833, 6.92694]}, "properties": {"name": "Lotus Tower", "city": "Colombo", "country": "Sri Lanka", "cc": "LK", "wikis": 20, "rank": 1}}, {"type": "Feature", "geometry": {"type": "Point", "coordinates": [79.84355, 6.92655]}, "properties": {"name": "Galle Face Green", "city": "Colombo", "country": "Sri Lanka", "cc": "LK", "wikis": 14, "rank": 2}}, {"type": "Feature", "geometry": {"type": "Point", "coordinates": [79.8518, 6.9385]}, "properties": {"name": "Jami Ul-Alfar Mosque", "city": "Colombo", "country": "Sri Lanka", "cc": "LK", "wikis": 14, "rank": 3}}, {"type": "Feature", "geometry": {"type": "Point", "coordinates": [32.508, 15.606]}, "properties": {"name": "National Museum of Sudan", "city": "Khartoum", "country": "Sudan", "cc": "SD", "wikis": 19, "rank": 1}}, {"type": "Feature", "geometry": {"type": "Point", "coordinates": [32.68094, 15.52397]}, "properties": {"name": "Soba", "city": "Khartoum", "country": "Sudan", "cc": "SD", "wikis": 14, "rank": 2}}, {"type": "Feature", "geometry": {"type": "Point", "coordinates": [-55.15, 5.82528]}, "properties": {"name": "Fort Zeelandia", "city": "Paramaribo", "country": "Suriname", "cc": "SR", "wikis": 16, "rank": 1}}, {"type": "Feature", "geometry": {"type": "Point", "coordinates": [-55.15986, 5.82856]}, "properties": {"name": "Mosque Keizerstraat", "city": "Paramaribo", "country": "Suriname", "cc": "SR", "wikis": 16, "rank": 2}}, {"type": "Feature", "geometry": {"type": "Point", "coordinates": [-55.15409, 5.82868]}, "properties": {"name": "Saint Peter and Paul Cathedral", "city": "Paramaribo", "country": "Suriname", "cc": "SR", "wikis": 15, "rank": 3}}, {"type": "Feature", "geometry": {"type": "Point", "coordinates": [17.88638, 59.32169]}, "properties": {"name": "Drottningholm Palace", "city": "Stockholm", "country": "Sweden", "cc": "SE", "wikis": 59, "rank": 1}}, {"type": "Feature", "geometry": {"type": "Point", "coordinates": [18.07215, 59.33806]}, "properties": {"name": "National Library of Sweden", "city": "Stockholm", "country": "Sweden", "cc": "SE", "wikis": 45, "rank": 2}}, {"type": "Feature", "geometry": {"type": "Point", "coordinates": [18.09944, 59.27556]}, "properties": {"name": "Skogskyrkogården", "city": "Stockholm", "country": "Sweden", "cc": "SE", "wikis": 44, "rank": 3}}, {"type": "Feature", "geometry": {"type": "Point", "coordinates": [7.44417, 46.94667]}, "properties": {"name": "Federal Palace of Switzerland", "city": "Bern", "country": "Switzerland", "cc": "CH", "wikis": 28, "rank": 1}}, {"type": "Feature", "geometry": {"type": "Point", "coordinates": [36.30667, 33.51139]}, "properties": {"name": "Umayyad Mosque", "city": "Damascus", "country": "Syria", "cc": "SY", "wikis": 78, "rank": 1}}, {"type": "Feature", "geometry": {"type": "Point", "coordinates": [36.29004, 33.51257]}, "properties": {"name": "National Museum in Damascus", "city": "Damascus", "country": "Syria", "cc": "SY", "wikis": 25, "rank": 2}}, {"type": "Feature", "geometry": {"type": "Point", "coordinates": [36.30694, 33.51028]}, "properties": {"name": "Al-Azm Palace", "city": "Damascus", "country": "Syria", "cc": "SY", "wikis": 22, "rank": 3}}, {"type": "Feature", "geometry": {"type": "Point", "coordinates": [6.7346, 0.3406]}, "properties": {"name": "Roman Catholic Diocese of São Tomé and Príncipe", "city": "São Tomé", "country": "São Tomé and Príncipe", "cc": "ST", "wikis": 14, "rank": 1}}, {"type": "Feature", "geometry": {"type": "Point", "coordinates": [6.73944, 0.34583]}, "properties": {"name": "São Sebastião Museum", "city": "São Tomé", "country": "São Tomé and Príncipe", "cc": "ST", "wikis": 12, "rank": 2}}, {"type": "Feature", "geometry": {"type": "Point", "coordinates": [68.77954, 38.5823]}, "properties": {"name": "Tajikistan National Museum", "city": "Dushanbe", "country": "Tajikistan", "cc": "TJ", "wikis": 20, "rank": 1}}, {"type": "Feature", "geometry": {"type": "Point", "coordinates": [68.78366, 38.57337]}, "properties": {"name": "National Library of Tajikistan", "city": "Dushanbe", "country": "Tajikistan", "cc": "TJ", "wikis": 12, "rank": 2}}, {"type": "Feature", "geometry": {"type": "Point", "coordinates": [35.74572, -6.17269]}, "properties": {"name": "Gaddafi Mosque", "city": "Dodoma", "country": "Tanzania", "cc": "TZ", "wikis": 12, "rank": 1}}, {"type": "Feature", "geometry": {"type": "Point", "coordinates": [100.49203, 13.75014]}, "properties": {"name": "Grand Palace", "city": "Bangkok", "country": "Thailand", "cc": "TH", "wikis": 48, "rank": 1}}, {"type": "Feature", "geometry": {"type": "Point", "coordinates": [100.54096, 13.7541]}, "properties": {"name": "Baiyoke Tower II", "city": "Bangkok", "country": "Thailand", "cc": "TH", "wikis": 31, "rank": 2}}, {"type": "Feature", "geometry": {"type": "Point", "coordinates": [100.665, 13.65944]}, "properties": {"name": "Burapha Withi Expressway", "city": "Bangkok", "country": "Thailand", "cc": "TH", "wikis": 28, "rank": 3}}, {"type": "Feature", "geometry": {"type": "Point", "coordinates": [-77.3482, 25.0759]}, "properties": {"name": "Roman Catholic Archdiocese of Nassau", "city": "Nassau", "country": "The Bahamas", "cc": "BS", "wikis": 15, "rank": 1}}, {"type": "Feature", "geometry": {"type": "Point", "coordinates": [-16.58498, 13.45959]}, "properties": {"name": "National Library of The Gambia", "city": "Banjul", "country": "The Gambia", "cc": "GM", "wikis": 13, "rank": 1}}, {"type": "Feature", "geometry": {"type": "Point", "coordinates": [-16.5775, 13.4531]}, "properties": {"name": "Roman Catholic Diocese of Banjul", "city": "Banjul", "country": "The Gambia", "cc": "GM", "wikis": 12, "rank": 2}}, {"type": "Feature", "geometry": {"type": "Point", "coordinates": [125.56139, -8.55222]}, "properties": {"name": "National Library of East Timor", "city": "Dili", "country": "Timor-Leste", "cc": "TL", "wikis": 14, "rank": 1}}, {"type": "Feature", "geometry": {"type": "Point", "coordinates": [125.60832, -8.52053]}, "properties": {"name": "Cristo Rei of Dili", "city": "Dili", "country": "Timor-Leste", "cc": "TL", "wikis": 14, "rank": 2}}, {"type": "Feature", "geometry": {"type": "Point", "coordinates": [125.56762, -8.55838]}, "properties": {"name": "Immaculate Conception Cathedral", "city": "Dili", "country": "Timor-Leste", "cc": "TL", "wikis": 13, "rank": 3}}, {"type": "Feature", "geometry": {"type": "Point", "coordinates": [1.22626, 6.12504]}, "properties": {"name": "Sacred Heart Cathedral", "city": "Lomé", "country": "Togo", "cc": "TG", "wikis": 8, "rank": 1}}, {"type": "Feature", "geometry": {"type": "Point", "coordinates": [1.21843, 6.12912]}, "properties": {"name": "National Library of Togo", "city": "Lomé", "country": "Togo", "cc": "TG", "wikis": 6, "rank": 2}}, {"type": "Feature", "geometry": {"type": "Point", "coordinates": [1.216, 6.13]}, "properties": {"name": "Independence Monument, Lome", "city": "Lomé", "country": "Togo", "cc": "TG", "wikis": 3, "rank": 3}}, {"type": "Feature", "geometry": {"type": "Point", "coordinates": [-175.2, -21.13333]}, "properties": {"name": "Roman Catholic Diocese of Tonga", "city": "Nukuʻalofa", "country": "Tonga", "cc": "TO", "wikis": 17, "rank": 1}}, {"type": "Feature", "geometry": {"type": "Point", "coordinates": [-175.20056, -21.13139]}, "properties": {"name": "Royal Palace of Nukuʻalofa", "city": "Nukuʻalofa", "country": "Tonga", "cc": "TO", "wikis": 16, "rank": 2}}, {"type": "Feature", "geometry": {"type": "Point", "coordinates": [-61.5314, 10.6619]}, "properties": {"name": "Cathedral of the Immaculate Conception, Port of Spain", "city": "Port of Spain", "country": "Trinidad and Tobago", "cc": "TT", "wikis": 8, "rank": 1}}, {"type": "Feature", "geometry": {"type": "Point", "coordinates": [-61.5103, 10.6629]}, "properties": {"name": "National Museum and Art Gallery", "city": "Port of Spain", "country": "Trinidad and Tobago", "cc": "TT", "wikis": 7, "rank": 2}}, {"type": "Feature", "geometry": {"type": "Point", "coordinates": [-61.51408, 10.6693]}, "properties": {"name": "Queen's Park Savannah, Port of Spain", "city": "Port of Spain", "country": "Trinidad and Tobago", "cc": "TT", "wikis": 6, "rank": 3}}, {"type": "Feature", "geometry": {"type": "Point", "coordinates": [10.13444, 36.80944]}, "properties": {"name": "Bardo National Museum", "city": "Tunis", "country": "Tunisia", "cc": "TN", "wikis": 35, "rank": 1}}, {"type": "Feature", "geometry": {"type": "Point", "coordinates": [10.37032, 36.72052]}, "properties": {"name": "Operation Wooden Leg", "city": "Tunis", "country": "Tunisia", "cc": "TN", "wikis": 24, "rank": 2}}, {"type": "Feature", "geometry": {"type": "Point", "coordinates": [10.17111, 36.79722]}, "properties": {"name": "Al-Zaytunah Mosque", "city": "Tunis", "country": "Tunisia", "cc": "TN", "wikis": 23, "rank": 3}}, {"type": "Feature", "geometry": {"type": "Point", "coordinates": [32.83694, 39.925]}, "properties": {"name": "Anıtkabir", "city": "Ankara", "country": "Turkey", "cc": "TR", "wikis": 52, "rank": 1}}, {"type": "Feature", "geometry": {"type": "Point", "coordinates": [32.86056, 39.91667]}, "properties": {"name": "Kocatepe Mosque", "city": "Ankara", "country": "Turkey", "cc": "TR", "wikis": 40, "rank": 2}}, {"type": "Feature", "geometry": {"type": "Point", "coordinates": [32.86194, 39.93833]}, "properties": {"name": "Museum of Anatolian Civilizations", "city": "Ankara", "country": "Turkey", "cc": "TR", "wikis": 39, "rank": 3}}, {"type": "Feature", "geometry": {"type": "Point", "coordinates": [58.21241, 37.95115]}, "properties": {"name": "Nisa", "city": "Ashgabat", "country": "Turkmenistan", "cc": "TM", "wikis": 49, "rank": 1}}, {"type": "Feature", "geometry": {"type": "Point", "coordinates": [58.25278, 38.01778]}, "properties": {"name": "Türkmenbaşy Mosque", "city": "Ashgabat", "country": "Turkmenistan", "cc": "TM", "wikis": 24, "rank": 2}}, {"type": "Feature", "geometry": {"type": "Point", "coordinates": [58.3333, 37.88218]}, "properties": {"name": "Arch of Neutrality", "city": "Ashgabat", "country": "Turkmenistan", "cc": "TM", "wikis": 22, "rank": 3}}, {"type": "Feature", "geometry": {"type": "Point", "coordinates": [179.19833, -8.52111]}, "properties": {"name": "Teone Church", "city": "Funafuti", "country": "Tuvalu", "cc": "TV", "wikis": 4, "rank": 1}}, {"type": "Feature", "geometry": {"type": "Point", "coordinates": [32.55333, 0.32917]}, "properties": {"name": "Kasubi Tombs", "city": "Kampala", "country": "Uganda", "cc": "UG", "wikis": 57, "rank": 1}}, {"type": "Feature", "geometry": {"type": "Point", "coordinates": [32.63333, 0.3]}, "properties": {"name": "Kampala Mosque", "city": "Kampala", "country": "Uganda", "cc": "UG", "wikis": 18, "rank": 2}}, {"type": "Feature", "geometry": {"type": "Point", "coordinates": [30.56222, 50.43222]}, "properties": {"name": "Kyiv Pechersk Lavra", "city": "Kyiv", "country": "Ukraine", "cc": "UA", "wikis": 67, "rank": 1}}, {"type": "Feature", "geometry": {"type": "Point", "coordinates": [30.51444, 50.45278]}, "properties": {"name": "Saint Sophia Cathedral", "city": "Kyiv", "country": "Ukraine", "cc": "UA", "wikis": 64, "rank": 2}}, {"type": "Feature", "geometry": {"type": "Point", "coordinates": [30.51131, 50.4419]}, "properties": {"name": "Taras Shevchenko National University of Kyiv", "city": "Kyiv", "country": "Ukraine", "cc": "UA", "wikis": 61, "rank": 3}}, {"type": "Feature", "geometry": {"type": "Point", "coordinates": [54.474, 24.412]}, "properties": {"name": "Sheikh Zayed Mosque", "city": "Abu Dhabi", "country": "United Arab Emirates", "cc": "AE", "wikis": 56, "rank": 1}}, {"type": "Feature", "geometry": {"type": "Point", "coordinates": [54.40001, 24.533]}, "properties": {"name": "Louvre Abu Dhabi", "city": "Abu Dhabi", "country": "United Arab Emirates", "cc": "AE", "wikis": 35, "rank": 2}}, {"type": "Feature", "geometry": {"type": "Point", "coordinates": [54.60704, 24.48366]}, "properties": {"name": "Ferrari World Abu Dhabi", "city": "Abu Dhabi", "country": "United Arab Emirates", "cc": "AE", "wikis": 25, "rank": 3}}, {"type": "Feature", "geometry": {"type": "Point", "coordinates": [-0.142, 51.501]}, "properties": {"name": "Buckingham Palace", "city": "London", "country": "United Kingdom", "cc": "GB", "wikis": 95, "rank": 1}}, {"type": "Feature", "geometry": {"type": "Point", "coordinates": [-0.12737, 51.4994]}, "properties": {"name": "Westminster Abbey", "city": "London", "country": "United Kingdom", "cc": "GB", "wikis": 91, "rank": 2}}, {"type": "Feature", "geometry": {"type": "Point", "coordinates": [-0.12457, 51.50067]}, "properties": {"name": "Big Ben", "city": "London", "country": "United Kingdom", "cc": "GB", "wikis": 88, "rank": 3}}, {"type": "Feature", "geometry": {"type": "Point", "coordinates": [-77.03667, 38.89778]}, "properties": {"name": "White House", "city": "Washington, D.C.", "country": "United States", "cc": "US", "wikis": 143, "rank": 1}}, {"type": "Feature", "geometry": {"type": "Point", "coordinates": [-77.00472, 38.88861]}, "properties": {"name": "Library of Congress", "city": "Washington, D.C.", "country": "United States", "cc": "US", "wikis": 103, "rank": 2}}, {"type": "Feature", "geometry": {"type": "Point", "coordinates": [-77.00917, 38.88972]}, "properties": {"name": "United States Capitol", "city": "Washington, D.C.", "country": "United States", "cc": "US", "wikis": 77, "rank": 3}}, {"type": "Feature", "geometry": {"type": "Point", "coordinates": [-56.18726, -34.89107]}, "properties": {"name": "Legislative Palace", "city": "Montevideo", "country": "Uruguay", "cc": "UY", "wikis": 17, "rank": 1}}, {"type": "Feature", "geometry": {"type": "Point", "coordinates": [-56.17751, -34.90266]}, "properties": {"name": "National Library of Uruguay", "city": "Montevideo", "country": "Uruguay", "cc": "UY", "wikis": 17, "rank": 2}}, {"type": "Feature", "geometry": {"type": "Point", "coordinates": [-56.20411, -34.907]}, "properties": {"name": "Metropolitan Basilica Cathedral of the Immaculate Conception and San Felipe and Santiago", "city": "Montevideo", "country": "Uruguay", "cc": "UY", "wikis": 16, "rank": 3}}, {"type": "Feature", "geometry": {"type": "Point", "coordinates": [69.23611, 41.32333]}, "properties": {"name": "Kukeldash Madrasah", "city": "Tashkent", "country": "Uzbekistan", "cc": "UZ", "wikis": 22, "rank": 1}}, {"type": "Feature", "geometry": {"type": "Point", "coordinates": [69.27889, 41.31361]}, "properties": {"name": "Amir Timur Museum", "city": "Tashkent", "country": "Uzbekistan", "cc": "UZ", "wikis": 20, "rank": 2}}, {"type": "Feature", "geometry": {"type": "Point", "coordinates": [69.27784, 41.30276]}, "properties": {"name": "State Art Museum of Uzbekistan", "city": "Tashkent", "country": "Uzbekistan", "cc": "UZ", "wikis": 17, "rank": 3}}, {"type": "Feature", "geometry": {"type": "Point", "coordinates": [168.322, -17.7347]}, "properties": {"name": "Roman Catholic Diocese of Port-Vila", "city": "Port Vila", "country": "Vanuatu", "cc": "VU", "wikis": 14, "rank": 1}}, {"type": "Feature", "geometry": {"type": "Point", "coordinates": [168.3175, -17.7452]}, "properties": {"name": "National Library of Vanuatu", "city": "Port Vila", "country": "Vanuatu", "cc": "VU", "wikis": 13, "rank": 2}}, {"type": "Feature", "geometry": {"type": "Point", "coordinates": [12.45342, 41.90222]}, "properties": {"name": "St. Peter's Basilica", "city": "Vatican City", "country": "Vatican City", "cc": "VA", "wikis": 129, "rank": 1}}, {"type": "Feature", "geometry": {"type": "Point", "coordinates": [12.45443, 41.90296]}, "properties": {"name": "Sistine Chapel", "city": "Vatican City", "country": "Vatican City", "cc": "VA", "wikis": 90, "rank": 2}}, {"type": "Feature", "geometry": {"type": "Point", "coordinates": [12.45444, 41.90472]}, "properties": {"name": "Vatican Library", "city": "Vatican City", "country": "Vatican City", "cc": "VA", "wikis": 71, "rank": 3}}, {"type": "Feature", "geometry": {"type": "Point", "coordinates": [-66.89528, 10.50167]}, "properties": {"name": "Mosque of Sheikh Ibrahim Al-Ibrahim", "city": "Caracas", "country": "Venezuela", "cc": "VE", "wikis": 17, "rank": 1}}, {"type": "Feature", "geometry": {"type": "Point", "coordinates": [-66.9124, 10.512]}, "properties": {"name": "National Library of Venezuela", "city": "Caracas", "country": "Venezuela", "cc": "VE", "wikis": 15, "rank": 2}}, {"type": "Feature", "geometry": {"type": "Point", "coordinates": [-66.9126, 10.5129]}, "properties": {"name": "National Pantheon", "city": "Caracas", "country": "Venezuela", "cc": "VE", "wikis": 13, "rank": 3}}, {"type": "Feature", "geometry": {"type": "Point", "coordinates": [105.83972, 21.0325]}, "properties": {"name": "Imperial Citadel of Thang Long", "city": "Hanoi", "country": "Vietnam", "cc": "VN", "wikis": 41, "rank": 1}}, {"type": "Feature", "geometry": {"type": "Point", "coordinates": [105.83472, 21.03667]}, "properties": {"name": "Ho Chi Minh Mausoleum", "city": "Hanoi", "country": "Vietnam", "cc": "VN", "wikis": 35, "rank": 2}}, {"type": "Feature", "geometry": {"type": "Point", "coordinates": [105.83556, 21.02861]}, "properties": {"name": "Temple of Literature", "city": "Hanoi", "country": "Vietnam", "cc": "VN", "wikis": 30, "rank": 3}}, {"type": "Feature", "geometry": {"type": "Point", "coordinates": [44.21493, 15.35309]}, "properties": {"name": "Great Mosque of Sana'a", "city": "Sanaa", "country": "Yemen", "cc": "YE", "wikis": 21, "rank": 1}}, {"type": "Feature", "geometry": {"type": "Point", "coordinates": [44.2077, 15.3258]}, "properties": {"name": "Al Saleh Mosque", "city": "Sanaa", "country": "Yemen", "cc": "YE", "wikis": 17, "rank": 2}}, {"type": "Feature", "geometry": {"type": "Point", "coordinates": [28.38333, -15.5]}, "properties": {"name": "Lusaka National Park", "city": "Lusaka", "country": "Zambia", "cc": "ZM", "wikis": 10, "rank": 1}}, {"type": "Feature", "geometry": {"type": "Point", "coordinates": [28.3152, -15.41391]}, "properties": {"name": "Child Jesus Cathedral", "city": "Lusaka", "country": "Zambia", "cc": "ZM", "wikis": 7, "rank": 2}}, {"type": "Feature", "geometry": {"type": "Point", "coordinates": [28.3037, -15.4188]}, "properties": {"name": "Cathedral of the Holy Cross, Lusaka", "city": "Lusaka", "country": "Zambia", "cc": "ZM", "wikis": 6, "rank": 3}}, {"type": "Feature", "geometry": {"type": "Point", "coordinates": [31.0489, -17.8253]}, "properties": {"name": "National Gallery of Zimbabwe", "city": "Harare", "country": "Zimbabwe", "cc": "ZW", "wikis": 13, "rank": 1}}]}