{"type": "FeatureCollection", "features": [{"type": "Feature", "geometry": {"type": "Polygon", "coordinates": [[[69.11878, 34.4682], [69.12063, 34.46856], [69.12154, 34.46812], [69.12073, 34.46701], [69.1192, 34.4667], [69.11878, 34.4682]]]}, "properties": {"name": "National Museum of Afghanistan", "city": "Kabul", "country": "Afghanistan", "cc": "AF", "wikis": 33, "rank": 1, "osm": "Q715467", "h": 0}}, {"type": "Feature", "geometry": {"type": "Polygon", "coordinates": [[[69.1569, 34.50101], [69.16004, 34.50162], [69.16008, 34.50162], [69.16012, 34.50154], [69.16084, 34.50169], [69.16078, 34.50216], [69.16074, 34.50226], [69.1606, 34.50225], [69.16054, 34.50267], [69.16101, 34.50277], [69.16066, 34.50372], [69.15995, 34.50353], [69.15968, 34.50422], [69.15595, 34.50357], [69.15623, 34.50254], [69.15599, 34.50249], [69.15624, 34.50154], [69.15618, 34.50153], [69.15628, 34.50125], [69.15638, 34.50113], [69.15654, 34.50103], [69.1569, 34.50101]]]}, "properties": {"name": "Gardens of Babur", "city": "Kabul", "country": "Afghanistan", "cc": "AF", "wikis": 31, "rank": 2, "osm": "Q1900234", "h": 0}}, {"type": "Feature", "geometry": {"type": "Polygon", "coordinates": [[[19.81957, 41.32833], [19.81953, 41.32846], [19.82008, 41.32855], [19.82007, 41.32859], [19.82028, 41.32863], [19.82031, 41.32859], [19.82034, 41.32845], [19.81957, 41.32833]]]}, "properties": {"name": "National Library of Albania", "city": "Tirana", "country": "Albania", "cc": "AL", "wikis": 39, "rank": 1, "osm": "Q678964", "h": 14.0}}, {"type": "Feature", "geometry": {"type": "Polygon", "coordinates": [[[19.81924, 41.3277], [19.81946, 41.32772], [19.81943, 41.3279], [19.8192, 41.32789], [19.81924, 41.3277]]]}, "properties": {"name": "Et'hem Bey Mosque", "city": "Tirana", "country": "Albania", "cc": "AL", "wikis": 31, "rank": 2, "osm": "Q798610", "h": 3.5}}, {"type": "Feature", "geometry": {"type": "Polygon", "coordinates": [[[19.81856, 41.32768], [19.81853, 41.32779], [19.81858, 41.3278], [19.81861, 41.32769], [19.81856, 41.32768]]]}, "properties": {"name": "Skanderbeg Square", "city": "Tirana", "country": "Albania", "cc": "AL", "wikis": 30, "rank": 3, "osm": "Q609021", "h": 11.0}}, {"type": "Feature", "geometry": {"type": "Polygon", "coordinates": [[[3.06045, 36.78518], [3.0605, 36.7853], [3.06058, 36.78528], [3.06061, 36.78516], [3.061, 36.78514], [3.06099, 36.78511], [3.0611, 36.78509], [3.06104, 36.785], [3.06103, 36.78494], [3.06107, 36.78494], [3.06106, 36.7849], [3.06041, 36.78498], [3.06041, 36.7851], [3.06045, 36.78518]]]}, "properties": {"name": "Ketchaoua Mosque", "city": "Algiers", "country": "Algeria", "cc": "DZ", "wikis": 30, "rank": 1, "osm": "Q2471799", "h": 0}}, {"type": "Feature", "geometry": {"type": "Polygon", "coordinates": [[[3.0646, 36.78535], [3.06411, 36.78511], [3.06403, 36.78524], [3.06387, 36.78516], [3.06372, 36.78541], [3.06436, 36.78568], [3.06443, 36.78563], [3.06441, 36.78562], [3.0646, 36.78535]]]}, "properties": {"name": "Djamaa El Kebir of Algiers", "city": "Algiers", "country": "Algeria", "cc": "DZ", "wikis": 28, "rank": 2, "osm": "Q2386475", "h": 0}}, {"type": "Feature", "geometry": {"type": "Polygon", "coordinates": [[[3.14633, 36.73394], [3.14635, 36.73424], [3.14628, 36.73428], [3.14597, 36.73434], [3.146, 36.73443], [3.1452, 36.73461], [3.14522, 36.73477], [3.14548, 36.73473], [3.14525, 36.73481], [3.14392, 36.73518], [3.14032, 36.73605], [3.13629, 36.73693], [3.1359, 36.73606], [3.1357, 36.73528], [3.13579, 36.73517], [3.13578, 36.73513], [3.13572, 36.73505], [3.13552, 36.73492], [3.13522, 36.73435], [3.13567, 36.73417], [3.13576, 36.73407], [3.13577, 36.7336], [3.1358, 36.73356], [3.1366, 36.73357], [3.13658, 36.73301], [3.13674, 36.73295], [3.13717, 36.73291], [3.14015, 36.73288], [3.14019, 36.73291], [3.14032, 36.73283], [3.14142, 36.7329], [3.14206, 36.73287], [3.14507, 36.73258], [3.14517, 36.73324], [3.14625, 36.73311], [3.14632, 36.73339], [3.14633, 36.73394]]]}, "properties": {"name": "Djamaa El Djazaïr", "city": "Algiers", "country": "Algeria", "cc": "DZ", "wikis": 27, "rank": 3, "osm": "Q23012984", "h": 0}}, {"type": "Feature", "geometry": {"type": "Polygon", "coordinates": [[[1.46235, 42.35829], [1.46234, 42.35807], [1.46198, 42.35806], [1.46198, 42.35795], [1.46192, 42.35795], [1.46192, 42.35806], [1.46168, 42.35806], [1.46168, 42.35797], [1.46153, 42.35798], [1.46151, 42.35814], [1.46178, 42.35817], [1.46177, 42.35822], [1.46182, 42.35823], [1.46235, 42.35829]]]}, "properties": {"name": "Roman Catholic Diocese of Urgell", "city": "Andorra la Vella", "country": "Andorra", "cc": "AD", "wikis": 33, "rank": 1, "osm": "Q9061020", "h": 0}}, {"type": "Feature", "geometry": {"type": "Polygon", "coordinates": [[[1.52047, 42.50648], [1.52067, 42.50659], [1.52053, 42.50673], [1.52048, 42.5067], [1.52046, 42.50672], [1.52036, 42.50665], [1.52039, 42.50662], [1.52035, 42.5066], [1.52047, 42.50648]]]}, "properties": {"name": "Andorra National Library", "city": "Andorra la Vella", "country": "Andorra", "cc": "AD", "wikis": 28, "rank": 2, "osm": "Q1046548", "h": 0}}, {"type": "Feature", "geometry": {"type": "Polygon", "coordinates": [[[1.46166, 42.35766], [1.46165, 42.35797], [1.46171, 42.35797], [1.46171, 42.35794], [1.46207, 42.35794], [1.46207, 42.35807], [1.46222, 42.35807], [1.46222, 42.3579], [1.4623, 42.35788], [1.46233, 42.35783], [1.46232, 42.35779], [1.46226, 42.35777], [1.46232, 42.35774], [1.46232, 42.35745], [1.4621, 42.35745], [1.4621, 42.35738], [1.46172, 42.35737], [1.46166, 42.35766]]]}, "properties": {"name": "Cathedral of Santa Maria d'Urgell", "city": "Andorra la Vella", "country": "Andorra", "cc": "AD", "wikis": 18, "rank": 3, "osm": "Q951104", "h": 0}}, {"type": "Feature", "geometry": {"type": "Polygon", "coordinates": [[[13.23912, -8.82893], [13.23968, -8.82876], [13.23963, -8.8286], [13.23908, -8.82877], [13.23912, -8.82893]]]}, "properties": {"name": "National Library of Angola", "city": "Luanda", "country": "Angola", "cc": "AO", "wikis": 17, "rank": 1, "osm": "Q6866918", "h": 0}}, {"type": "Feature", "geometry": {"type": "Polygon", "coordinates": [[[13.22361, -8.80615], [13.22411, -8.80699], [13.22446, -8.80756], [13.22467, -8.80793], [13.22361, -8.80615]]]}, "properties": {"name": "Fortress of São Miguel", "city": "Luanda", "country": "Angola", "cc": "AO", "wikis": 12, "rank": 3, "osm": "Q9639415", "h": 0}}, {"type": "Feature", "geometry": {"type": "Polygon", "coordinates": [[[-61.83735, 17.1165], [-61.83736, 17.11663], [-61.83746, 17.11672], [-61.8376, 17.11672], [-61.83769, 17.11662], [-61.83769, 17.11649], [-61.83758, 17.1164], [-61.83745, 17.1164], [-61.83735, 17.1165]]]}, "properties": {"name": "Roman Catholic Diocese of Saint John's – Basseterre", "city": "St. John's", "country": "Antigua and Barbuda", "cc": "AG", "wikis": 14, "rank": 2, "osm": "Q15224667", "h": 0}}, {"type": "Feature", "geometry": {"type": "Polygon", "coordinates": [[[-58.3826, -34.6008], [-58.38254, -34.6013], [-58.38256, -34.60133], [-58.38338, -34.60136], [-58.38339, -34.60131], [-58.38373, -34.60132], [-58.38373, -34.60118], [-58.38381, -34.60118], [-58.38381, -34.60105], [-58.38373, -34.60104], [-58.38374, -34.6009], [-58.3826, -34.6008]]]}, "properties": {"name": "Colón Theater", "city": "Buenos Aires", "country": "Argentina", "cc": "AR", "wikis": 36, "rank": 1, "osm": "Q827401", "h": 18.5}}, {"type": "Feature", "geometry": {"type": "Polygon", "coordinates": [[[-58.38607, -34.60949], [-58.38542, -34.60944], [-58.38539, -34.60983], [-58.38603, -34.60988], [-58.38607, -34.60949]]]}, "properties": {"name": "Barolo Palace", "city": "Buenos Aires", "country": "Argentina", "cc": "AR", "wikis": 29, "rank": 2, "osm": "Q571763", "h": 0}}, {"type": "Feature", "geometry": {"type": "Polygon", "coordinates": [[[-58.37219, -34.60839], [-58.37218, -34.60842], [-58.37214, -34.60842], [-58.37215, -34.60839], [-58.37219, -34.60839]]]}, "properties": {"name": "Plaza de Mayo", "city": "Buenos Aires", "country": "Argentina", "cc": "AR", "wikis": 28, "rank": 3, "osm": "Q831484", "h": 0}}, {"type": "Feature", "geometry": {"type": "Polygon", "coordinates": [[[44.29089, 40.16175], [44.29091, 40.16183], [44.29077, 40.16185], [44.29078, 40.16192], [44.29092, 40.1619], [44.29093, 40.16196], [44.29103, 40.16195], [44.29103, 40.16199], [44.29108, 40.162], [44.29113, 40.16197], [44.29112, 40.16194], [44.29141, 40.16191], [44.29139, 40.16183], [44.29143, 40.1618], [44.29138, 40.16178], [44.29137, 40.1617], [44.2911, 40.16173], [44.29107, 40.16169], [44.29101, 40.16169], [44.29099, 40.16174], [44.29089, 40.16175]]]}, "properties": {"name": "Etchmiadzin Cathedral", "city": "Yerevan", "country": "Armenia", "cc": "AM", "wikis": 48, "rank": 1, "osm": "Q1294648", "h": 0}}, {"type": "Feature", "geometry": {"type": "MultiPolygon", "coordinates": [[[[44.52269, 40.19281], [44.5228, 40.19287], [44.52287, 40.19278], [44.52282, 40.19276], [44.5229, 40.19267], [44.52285, 40.19264], [44.52289, 40.1926], [44.52226, 40.19232], [44.52229, 40.19226], [44.5222, 40.1922], [44.52204, 40.19224], [44.52148, 40.19224], [44.52155, 40.19217], [44.52188, 40.19218], [44.52188, 40.19208], [44.52153, 40.19207], [44.52128, 40.19227], [44.52137, 40.19233], [44.5218, 40.19234], [44.52188, 40.19245], [44.52185, 40.19248], [44.52188, 40.19251], [44.52206, 40.19259], [44.52209, 40.19254], [44.52267, 40.19283], [44.52269, 40.19281]]], [[[44.52109, 40.19241], [44.52119, 40.19234], [44.52116, 40.19231], [44.52137, 40.19215], [44.52114, 40.19197], [44.52125, 40.1919], [44.52109, 40.19177], [44.52102, 40.19182], [44.5211, 40.19188], [44.52068, 40.1922], [44.5206, 40.19213], [44.52056, 40.19216], [44.5207, 40.19228], [44.52081, 40.19219], [44.52109, 40.19241]]]]}, "properties": {"name": "Matenadaran", "city": "Yerevan", "country": "Armenia", "cc": "AM", "wikis": 47, "rank": 2, "osm": "Q1322278", "h": 0}}, {"type": "Feature", "geometry": {"type": "Polygon", "coordinates": [[[44.50583, 40.17792], [44.50517, 40.17793], [44.50517, 40.1778], [44.50595, 40.17779], [44.50595, 40.17792], [44.50583, 40.17792]]]}, "properties": {"name": "Blue Mosque", "city": "Yerevan", "country": "Armenia", "cc": "AM", "wikis": 43, "rank": 3, "osm": "Q1979112", "h": 0}}, {"type": "Feature", "geometry": {"type": "Polygon", "coordinates": [[[149.12919, -35.296], [149.13018, -35.29659], [149.12983, -35.29698], [149.12884, -35.29639], [149.12919, -35.296]]]}, "properties": {"name": "National Library of Australia", "city": "Canberra", "country": "Australia", "cc": "AU", "wikis": 59, "rank": 1, "osm": "Q623578", "h": 17.5}}, {"type": "Feature", "geometry": {"type": "Polygon", "coordinates": [[[149.12409, -35.3093], [149.12417, -35.30935], [149.12387, -35.31039], [149.12443, -35.31074], [149.12459, -35.31029], [149.12434, -35.30935], [149.12432, -35.30906], [149.1244, -35.30873], [149.12464, -35.30835], [149.12501, -35.30805], [149.12546, -35.30785], [149.12605, -35.30774], [149.12695, -35.30767], [149.12736, -35.30746], [149.12664, -35.30703], [149.1251, -35.30773], [149.12475, -35.30752], [149.1251, -35.30611], [149.12438, -35.30568], [149.12427, -35.30607], [149.1245, -35.30686], [149.12456, -35.30721], [149.12449, -35.30761], [149.12425, -35.30803], [149.12392, -35.30832], [149.12345, -35.30854], [149.12306, -35.30862], [149.12191, -35.3087], [149.12147, -35.30896], [149.12203, -35.3093], [149.12315, -35.30875], [149.12324, -35.30879], [149.12335, -35.30867], [149.12344, -35.30872], [149.12354, -35.30861], [149.12362, -35.30865], [149.12367, -35.30859], [149.12419, -35.3089], [149.12414, -35.30896], [149.12421, -35.30901], [149.12411, -35.30912], [149.1242, -35.30917], [149.12409, -35.3093]]]}, "properties": {"name": "Parliament House", "city": "Canberra", "country": "Australia", "cc": "AU", "wikis": 27, "rank": 2, "osm": "Q1858105", "h": 0}}, {"type": "Feature", "geometry": {"type": "Polygon", "coordinates": [[[149.12081, -35.2945], [149.12121, -35.2943], [149.12209, -35.29337], [149.12222, -35.29315], [149.12226, -35.29299], [149.12226, -35.29262], [149.12222, -35.29247], [149.12212, -35.29233], [149.12194, -35.29222], [149.12173, -35.29217], [149.12139, -35.29217], [149.12056, -35.29172], [149.11998, -35.2913], [149.11978, -35.29126], [149.11943, -35.29112], [149.11921, -35.29087], [149.11912, -35.29022], [149.11913, -35.28987], [149.11879, -35.2899], [149.11837, -35.29025], [149.1183, -35.29036], [149.11824, -35.29055], [149.11831, -35.29075], [149.11872, -35.29142], [149.11923, -35.29199], [149.12001, -35.29262], [149.1199, -35.29262], [149.11978, -35.29272], [149.11957, -35.29294], [149.11961, -35.29296], [149.11917, -35.29342], [149.1208, -35.29445], [149.12081, -35.2945]]]}, "properties": {"name": "National Museum of Australia", "city": "Canberra", "country": "Australia", "cc": "AU", "wikis": 22, "rank": 3, "osm": "Q1967496", "h": 0}}, {"type": "Feature", "geometry": {"type": "Polygon", "coordinates": [[[16.31107, 48.18506], [16.31132, 48.1855], [16.3118, 48.18539], [16.3117, 48.1852], [16.31192, 48.18515], [16.31185, 48.18503], [16.3121, 48.18497], [16.31206, 48.18501], [16.31216, 48.18507], [16.31221, 48.18504], [16.31212, 48.185], [16.3125, 48.18491], [16.31247, 48.18498], [16.31254, 48.18498], [16.31256, 48.1849], [16.31249, 48.18488], [16.31274, 48.18482], [16.3128, 48.18493], [16.313, 48.18488], [16.3131, 48.18507], [16.31359, 48.18495], [16.31335, 48.18451], [16.31329, 48.18452], [16.31327, 48.18448], [16.3128, 48.1846], [16.31282, 48.18463], [16.31265, 48.18467], [16.31244, 48.18471], [16.31237, 48.18469], [16.31199, 48.18478], [16.31197, 48.18482], [16.31176, 48.18487], [16.31177, 48.18489], [16.31159, 48.18493], [16.31156, 48.18488], [16.31108, 48.18499], [16.31111, 48.18505], [16.31107, 48.18506]]]}, "properties": {"name": "Schönbrunn Palace", "city": "Vienna", "country": "Austria", "cc": "AT", "wikis": 64, "rank": 1, "osm": "Q131330", "h": 0}}, {"type": "Feature", "geometry": {"type": "Polygon", "coordinates": [[[16.38147, 48.18854], [16.38254, 48.18859], [16.38254, 48.18872], [16.3825, 48.18872], [16.38255, 48.18891], [16.38265, 48.1889], [16.38279, 48.18937], [16.38216, 48.18942], [16.38204, 48.18937], [16.38195, 48.18937], [16.38192, 48.18951], [16.38202, 48.19084], [16.38297, 48.1908], [16.38315, 48.19163], [16.38318, 48.19171], [16.3833, 48.19172], [16.38328, 48.19178], [16.38319, 48.19178], [16.38353, 48.19321], [16.38253, 48.19327], [16.38257, 48.19242], [16.38158, 48.19233], [16.38108, 48.19504], [16.38103, 48.19503], [16.38067, 48.19686], [16.37749, 48.19804], [16.37794, 48.19714], [16.3779, 48.19713], [16.37804, 48.19691], [16.37907, 48.19475], [16.37934, 48.19476], [16.37999, 48.19183], [16.37944, 48.1917], [16.37967, 48.19136], [16.37975, 48.19132], [16.3799, 48.19108], [16.38076, 48.18938], [16.38077, 48.18931], [16.38125, 48.18856], [16.38136, 48.18852], [16.38147, 48.18854]]]}, "properties": {"name": "Belvedere", "city": "Vienna", "country": "Austria", "cc": "AT", "wikis": 61, "rank": 2, "osm": "Q211818", "h": 0}}, {"type": "Feature", "geometry": {"type": "Polygon", "coordinates": [[[16.37243, 48.20857], [16.37276, 48.20889], [16.3728, 48.2089], [16.37279, 48.20888], [16.37293, 48.20883], [16.3729, 48.2088], [16.373, 48.20881], [16.37302, 48.20878], [16.37312, 48.20886], [16.37361, 48.20866], [16.37358, 48.20863], [16.37362, 48.20862], [16.37359, 48.20859], [16.37362, 48.20858], [16.37364, 48.20845], [16.3738, 48.20842], [16.37378, 48.20835], [16.37391, 48.2083], [16.37375, 48.20817], [16.37377, 48.20816], [16.37368, 48.20816], [16.37362, 48.20808], [16.37355, 48.20813], [16.37347, 48.20811], [16.37344, 48.20815], [16.37342, 48.20813], [16.37336, 48.20819], [16.37333, 48.20814], [16.37321, 48.20817], [16.37315, 48.20817], [16.37313, 48.20814], [16.37308, 48.20817], [16.37305, 48.20814], [16.37288, 48.20822], [16.37291, 48.20825], [16.37286, 48.20826], [16.37288, 48.20828], [16.37263, 48.20839], [16.3727, 48.20845], [16.37263, 48.20846], [16.37261, 48.20849], [16.37264, 48.20851], [16.37261, 48.20853], [16.37258, 48.2085], [16.37243, 48.20857]]]}, "properties": {"name": "St. Stephen's Cathedral", "city": "Vienna", "country": "Austria", "cc": "AT", "wikis": 60, "rank": 3, "osm": "Q5943", "h": 15.0}}, {"type": "Feature", "geometry": {"type": "Polygon", "coordinates": [[[49.84481, 40.37402], [49.84493, 40.37383], [49.84542, 40.374], [49.84531, 40.37418], [49.84518, 40.37414], [49.84515, 40.37419], [49.84491, 40.37411], [49.84494, 40.37406], [49.84481, 40.37402]]]}, "properties": {"name": "National Library of Azerbaijan", "city": "Baku", "country": "Azerbaijan", "cc": "AZ", "wikis": 53, "rank": 1, "osm": "Q2671722", "h": 0}}, {"type": "Feature", "geometry": {"type": "Polygon", "coordinates": [[[49.83313, 40.36656], [49.83342, 40.36656], [49.83385, 40.36612], [49.83385, 40.36595], [49.83358, 40.36584], [49.83331, 40.3658], [49.83322, 40.36601], [49.83279, 40.36601], [49.83274, 40.36606], [49.83258, 40.36599], [49.83252, 40.36606], [49.83245, 40.36626], [49.83312, 40.36633], [49.83313, 40.36656]]]}, "properties": {"name": "Palace of the Shirvanshahs", "city": "Baku", "country": "Azerbaijan", "cc": "AZ", "wikis": 49, "rank": 2, "osm": "Q338889", "h": 0}}, {"type": "Feature", "geometry": {"type": "Polygon", "coordinates": [[[49.84923, 40.38115], [49.84991, 40.38128], [49.85006, 40.38134], [49.84923, 40.38115]]]}, "properties": {"name": "Baku railway station", "city": "Baku", "country": "Azerbaijan", "cc": "AZ", "wikis": 48, "rank": 3, "osm": "Q4387016", "h": 0}}, {"type": "Feature", "geometry": {"type": "Polygon", "coordinates": [[[50.51939, 26.23441], [50.51932, 26.23417], [50.51907, 26.23401], [50.51809, 26.23367], [50.51812, 26.23241], [50.51903, 26.23156], [50.52009, 26.23129], [50.5206, 26.2315], [50.52151, 26.23157], [50.52372, 26.23148], [50.52369, 26.23245], [50.52299, 26.2328], [50.52284, 26.23365], [50.52295, 26.23461], [50.52195, 26.23444], [50.51939, 26.23441]]]}, "properties": {"name": "Qal’at al Bahrain", "city": "Manama", "country": "Bahrain", "cc": "BH", "wikis": 48, "rank": 1, "osm": "Q740104", "h": 0}}, {"type": "Feature", "geometry": {"type": "Polygon", "coordinates": [[[50.59781, 26.21915], [50.5983, 26.21934], [50.59832, 26.2193], [50.59859, 26.21941], [50.5987, 26.2192], [50.5988, 26.21924], [50.59886, 26.21912], [50.59875, 26.21908], [50.59885, 26.21887], [50.59858, 26.21876], [50.5986, 26.21872], [50.59811, 26.21852], [50.59781, 26.21915]]]}, "properties": {"name": "Al Fateh Grand Mosque", "city": "Manama", "country": "Bahrain", "cc": "BH", "wikis": 30, "rank": 3, "osm": "Q2086076", "h": 0}}, {"type": "Feature", "geometry": {"type": "Polygon", "coordinates": [[[90.41314, 23.72986], [90.4124, 23.72986], [90.4124, 23.72964], [90.41209, 23.72964], [90.41209, 23.7293], [90.4124, 23.7293], [90.4124, 23.72911], [90.41314, 23.72911], [90.41314, 23.72986]]]}, "properties": {"name": "Baitul Mukarram National Mosque", "city": "Dhaka", "country": "Bangladesh", "cc": "BD", "wikis": 38, "rank": 1, "osm": "Q804009", "h": 0}}, {"type": "Feature", "geometry": {"type": "Polygon", "coordinates": [[[90.37857, 23.76157], [90.37853, 23.76151], [90.37843, 23.76155], [90.37842, 23.76159], [90.37849, 23.76164], [90.37849, 23.76169], [90.37844, 23.7617], [90.37841, 23.76176], [90.37843, 23.7618], [90.3785, 23.76182], [90.37844, 23.76187], [90.37843, 23.76192], [90.37831, 23.7618], [90.37817, 23.7619], [90.37816, 23.76194], [90.37798, 23.76205], [90.37809, 23.76217], [90.37805, 23.76219], [90.37805, 23.76225], [90.37803, 23.76218], [90.37795, 23.76214], [90.37782, 23.76221], [90.37781, 23.76229], [90.378, 23.7623], [90.378, 23.76234], [90.37781, 23.76234], [90.3778, 23.7624], [90.37785, 23.76249], [90.37791, 23.76251], [90.37798, 23.76249], [90.37803, 23.76241], [90.37803, 23.76247], [90.37807, 23.76248], [90.37795, 23.76259], [90.37821, 23.76289], [90.37833, 23.76277], [90.37833, 23.76305], [90.37845, 23.76306], [90.37846, 23.76301], [90.37852, 23.76302], [90.37852, 23.76307], [90.37865, 23.76307], [90.37865, 23.76281], [90.37867, 23.7628], [90.37879, 23.76293], [90.37911, 23.76268], [90.37899, 23.76255], [90.37907, 23.76258], [90.37912, 23.76258], [90.37912, 23.76255], [90.37926, 23.76257], [90.37928, 23.76228], [90.37915, 23.76227], [90.37915, 23.76223], [90.37904, 23.76226], [90.37902, 23.76224], [90.37916, 23.76214], [90.37889, 23.76185], [90.37873, 23.76194], [90.37871, 23.76186], [90.37866, 23.76181], [90.37871, 23.76182], [90.37877, 23.76176], [90.37876, 23.76172], [90.3787, 23.76169], [90.3787, 23.76164], [90.37877, 23.7616], [90.37878, 23.76155], [90.37868, 23.76151], [90.37863, 23.76157], [90.37857, 23.76157]]]}, "properties": {"name": "Jatiya Sangsad Bhaban", "city": "Dhaka", "country": "Bangladesh", "cc": "BD", "wikis": 35, "rank": 2, "osm": "Q497536", "h": 28.0}}, {"type": "Feature", "geometry": {"type": "Polygon", "coordinates": [[[90.38679, 23.7179], [90.38676, 23.71786], [90.38669, 23.7179], [90.38672, 23.71795], [90.38661, 23.71979], [90.38807, 23.71981], [90.38889, 23.71975], [90.38944, 23.71976], [90.38953, 23.71973], [90.38983, 23.71977], [90.39003, 23.71926], [90.39008, 23.71894], [90.3898, 23.71811], [90.38961, 23.7181], [90.38961, 23.71804], [90.3895, 23.71803], [90.38947, 23.71797], [90.38942, 23.71797], [90.38939, 23.71802], [90.38877, 23.71799], [90.38875, 23.71796], [90.3887, 23.71799], [90.38815, 23.71796], [90.38813, 23.71792], [90.38807, 23.71793], [90.38807, 23.71796], [90.38743, 23.71792], [90.38741, 23.71789], [90.38735, 23.71792], [90.38679, 23.7179]]]}, "properties": {"name": "Lalbagh Fort", "city": "Dhaka", "country": "Bangladesh", "cc": "BD", "wikis": 30, "rank": 3, "osm": "Q1801226", "h": 0}}, {"type": "Feature", "geometry": {"type": "Polygon", "coordinates": [[[-59.60889, 13.09198], [-59.60881, 13.09184], [-59.60901, 13.09174], [-59.60899, 13.09171], [-59.60902, 13.0917], [-59.60912, 13.09186], [-59.60889, 13.09198]]]}, "properties": {"name": "Roman Catholic Diocese of Bridgetown", "city": "Bridgetown", "country": "Barbados", "cc": "BB", "wikis": 14, "rank": 1, "osm": "Q21003601", "h": 0}}, {"type": "Feature", "geometry": {"type": "Polygon", "coordinates": [[[27.64527, 53.9318], [27.64562, 53.93181], [27.64582, 53.93186], [27.64581, 53.93188], [27.64604, 53.93202], [27.64605, 53.93189], [27.64623, 53.93188], [27.64625, 53.93195], [27.64647, 53.93192], [27.64672, 53.93184], [27.6466, 53.93174], [27.64667, 53.9317], [27.6468, 53.93163], [27.64697, 53.93171], [27.6471, 53.93158], [27.64718, 53.93144], [27.64696, 53.93141], [27.64697, 53.93125], [27.6473, 53.93123], [27.64729, 53.9312], [27.64751, 53.93118], [27.64743, 53.931], [27.64726, 53.93083], [27.64705, 53.93069], [27.64678, 53.93058], [27.6468, 53.93056], [27.64667, 53.93053], [27.64662, 53.9306], [27.6463, 53.93055], [27.6463, 53.93052], [27.64607, 53.93052], [27.64607, 53.93044], [27.64544, 53.93053], [27.64521, 53.93062], [27.6453, 53.93068], [27.64516, 53.93079], [27.64519, 53.93081], [27.64512, 53.93086], [27.64515, 53.93088], [27.64501, 53.93101], [27.64495, 53.93112], [27.64501, 53.93114], [27.64499, 53.93119], [27.64506, 53.93121], [27.64502, 53.93129], [27.64507, 53.93147], [27.64518, 53.93163], [27.64522, 53.93167], [27.64531, 53.93163], [27.64542, 53.93171], [27.64527, 53.9318]]]}, "properties": {"name": "National Library of Belarus", "city": "Minsk", "country": "Belarus", "cc": "BY", "wikis": 33, "rank": 1, "osm": "Q971450", "h": 0}}, {"type": "Feature", "geometry": {"type": "Polygon", "coordinates": [[[27.54736, 53.89623], [27.54734, 53.89625], [27.54757, 53.89633], [27.54731, 53.89661], [27.54733, 53.8967], [27.5474, 53.89673], [27.54757, 53.8967], [27.54775, 53.89649], [27.5478, 53.8965], [27.5479, 53.8964], [27.54774, 53.89632], [27.54766, 53.8963], [27.54765, 53.89632], [27.54736, 53.89623]]]}, "properties": {"name": "Church of Saints Simon and Helena", "city": "Minsk", "country": "Belarus", "cc": "BY", "wikis": 28, "rank": 3, "osm": "Q1742825", "h": 3.5}}, {"type": "Feature", "geometry": {"type": "Polygon", "coordinates": [[[4.3494, 50.84519], [4.34961, 50.8454], [4.34969, 50.84544], [4.34982, 50.84536], [4.34987, 50.84539], [4.34991, 50.84537], [4.34986, 50.84534], [4.3499, 50.84531], [4.34978, 50.84525], [4.34963, 50.84509], [4.3494, 50.84519]]]}, "properties": {"name": "Manneken Pis", "city": "Brussels", "country": "Belgium", "cc": "BE", "wikis": 66, "rank": 1, "osm": "Q120749504", "h": 0}}, {"type": "Feature", "geometry": {"type": "Polygon", "coordinates": [[[4.34134, 50.8946], [4.34168, 50.8946], [4.34181, 50.89448], [4.34183, 50.89449], [4.34181, 50.89452], [4.34193, 50.89457], [4.34199, 50.89455], [4.34189, 50.89467], [4.34202, 50.89482], [4.34213, 50.89482], [4.3422, 50.89486], [4.34221, 50.89492], [4.34216, 50.89497], [4.34204, 50.89498], [4.34188, 50.89516], [4.34194, 50.8952], [4.34194, 50.89527], [4.34198, 50.89529], [4.34192, 50.89528], [4.34182, 50.89532], [4.34184, 50.89533], [4.34182, 50.89536], [4.34168, 50.89524], [4.34135, 50.89524], [4.34127, 50.8953], [4.34114, 50.8953], [4.34108, 50.89522], [4.34113, 50.89515], [4.34102, 50.89501], [4.34079, 50.89499], [4.34084, 50.89497], [4.34082, 50.89493], [4.34084, 50.89487], [4.34079, 50.89485], [4.341, 50.89484], [4.34113, 50.89469], [4.34108, 50.89464], [4.34109, 50.89457], [4.34124, 50.89453], [4.34134, 50.8946]]]}, "properties": {"name": "Atomium", "city": "Brussels", "country": "Belgium", "cc": "BE", "wikis": 53, "rank": 2, "osm": "Q180901", "h": 102.0}}, {"type": "Feature", "geometry": {"type": "Polygon", "coordinates": [[[4.36023, 50.84809], [4.36026, 50.84806], [4.36033, 50.84808], [4.36042, 50.84806], [4.36044, 50.84812], [4.36056, 50.84813], [4.36073, 50.84808], [4.36077, 50.84803], [4.36073, 50.84801], [4.36074, 50.84794], [4.36067, 50.84792], [4.36075, 50.84786], [4.36086, 50.84784], [4.36085, 50.84778], [4.36071, 50.84777], [4.36065, 50.84772], [4.36073, 50.84769], [4.36072, 50.8476], [4.36002, 50.84756], [4.36003, 50.84761], [4.35999, 50.84766], [4.36003, 50.84768], [4.35927, 50.84767], [4.35925, 50.8477], [4.35928, 50.84774], [4.35925, 50.8478], [4.35929, 50.84782], [4.35926, 50.84789], [4.35929, 50.84794], [4.35926, 50.84795], [4.35926, 50.84799], [4.35929, 50.84801], [4.35994, 50.84798], [4.35993, 50.84802], [4.36004, 50.84803], [4.36007, 50.8481], [4.36023, 50.84809]]]}, "properties": {"name": "Cathedral of St. Michael and St. Gudula", "city": "Brussels", "country": "Belgium", "cc": "BE", "wikis": 35, "rank": 3, "osm": "Q269654", "h": 0}}, {"type": "Feature", "geometry": {"type": "Polygon", "coordinates": [[[2.60505, 6.51249], [2.60547, 6.51275], [2.60559, 6.51287], [2.60556, 6.51293], [2.60577, 6.51305], [2.60664, 6.51155], [2.60593, 6.51111], [2.60505, 6.51249]]]}, "properties": {"name": "National Library of Benin", "city": "Porto-Novo", "country": "Benin", "cc": "BJ", "wikis": 10, "rank": 1, "osm": "Q6974139", "h": 0}}, {"type": "Feature", "geometry": {"type": "Polygon", "coordinates": [[[2.43895, 6.35638], [2.43921, 6.35645], [2.43918, 6.35654], [2.43928, 6.35657], [2.43939, 6.35616], [2.43929, 6.35614], [2.43925, 6.3563], [2.43899, 6.35623], [2.43895, 6.35638]]]}, "properties": {"name": "Cotonou Cathedral", "city": "Porto-Novo", "country": "Benin", "cc": "BJ", "wikis": 10, "rank": 2, "osm": "Q2942229", "h": 0}}, {"type": "Feature", "geometry": {"type": "Polygon", "coordinates": [[[89.63228, 27.48374], [89.63255, 27.48326], [89.63293, 27.48276], [89.63241, 27.48276], [89.63238, 27.48285], [89.63235, 27.48278], [89.63213, 27.48287], [89.63214, 27.48299], [89.63199, 27.48338], [89.63213, 27.48343], [89.632, 27.48365], [89.63228, 27.48374]]]}, "properties": {"name": "National Library of Bhutan", "city": "Thimphu", "country": "Bhutan", "cc": "BT", "wikis": 25, "rank": 1, "osm": "Q2602355", "h": 0}}, {"type": "Feature", "geometry": {"type": "MultiPolygon", "coordinates": [[[[89.6355, 27.49066], [89.63555, 27.49026], [89.63547, 27.49025], [89.63562, 27.48911], [89.63572, 27.48912], [89.63577, 27.48873], [89.63548, 27.4887], [89.63547, 27.48879], [89.63491, 27.48873], [89.63492, 27.48866], [89.63465, 27.48863], [89.6344, 27.49054], [89.63466, 27.49056], [89.63465, 27.49065], [89.63516, 27.4907], [89.63517, 27.49062], [89.6355, 27.49066]]], [[[89.63503, 27.48991], [89.6353, 27.48993], [89.63532, 27.48969], [89.63505, 27.48968], [89.63503, 27.48991]]], [[[89.63485, 27.48955], [89.63517, 27.48956], [89.63519, 27.48931], [89.63487, 27.4893], [89.63485, 27.48955]]]]}, "properties": {"name": "Tashichho Dzong", "city": "Thimphu", "country": "Bhutan", "cc": "BT", "wikis": 18, "rank": 2, "osm": "Q1896299", "h": 0}}, {"type": "Feature", "geometry": {"type": "Polygon", "coordinates": [[[89.64522, 27.4438], [89.64544, 27.44384], [89.64546, 27.44373], [89.64553, 27.44374], [89.64554, 27.44367], [89.64558, 27.44368], [89.64559, 27.44364], [89.64562, 27.44364], [89.64564, 27.44354], [89.64561, 27.44354], [89.64562, 27.4435], [89.64559, 27.44349], [89.64561, 27.44341], [89.64554, 27.4434], [89.64555, 27.44337], [89.64533, 27.44333], [89.64532, 27.44338], [89.64525, 27.44337], [89.64524, 27.44344], [89.6452, 27.44343], [89.64519, 27.44348], [89.64516, 27.44348], [89.64513, 27.44361], [89.64516, 27.44362], [89.64515, 27.44365], [89.64519, 27.44365], [89.64517, 27.44374], [89.64523, 27.44375], [89.64522, 27.4438]]]}, "properties": {"name": "Buddha Dordenma statue", "city": "Thimphu", "country": "Bhutan", "cc": "BT", "wikis": 15, "rank": 3, "osm": "Q4097986", "h": 0}}, {"type": "Feature", "geometry": {"type": "Polygon", "coordinates": [[[-68.13358, -16.49606], [-68.1339, -16.49585], [-68.13395, -16.49575], [-68.13376, -16.4954], [-68.13363, -16.49534], [-68.13356, -16.49535], [-68.13321, -16.49556], [-68.13317, -16.49567], [-68.13318, -16.49574], [-68.13337, -16.49603], [-68.13343, -16.49606], [-68.13358, -16.49606]]]}, "properties": {"name": "Plaza Murillo", "city": "La Paz", "country": "Bolivia", "cc": "BO", "wikis": 13, "rank": 1, "osm": "Q1538109", "h": 0}}, {"type": "Feature", "geometry": {"type": "Polygon", "coordinates": [[[18.17641, 43.97651], [18.17652, 43.97649], [18.17653, 43.97681], [18.17649, 43.97705], [18.17637, 43.97715], [18.17624, 43.97718], [18.17614, 43.97706], [18.17618, 43.97681], [18.1763, 43.97653], [18.17641, 43.97651]]]}, "properties": {"name": "Bosnian pyramid claims", "city": "Sarajevo", "country": "Bosnia and Herzegovina", "cc": "BA", "wikis": 35, "rank": 1, "osm": "Q3395456", "h": 0}}, {"type": "Feature", "geometry": {"type": "Polygon", "coordinates": [[[18.42923, 43.85903], [18.42902, 43.85898], [18.42896, 43.8591], [18.42888, 43.85908], [18.42885, 43.85913], [18.4288, 43.85912], [18.42878, 43.85916], [18.42883, 43.85917], [18.42881, 43.85922], [18.4292, 43.85932], [18.42927, 43.85916], [18.42918, 43.85914], [18.42923, 43.85903]]]}, "properties": {"name": "Gazi Husrev-beg Mosque", "city": "Sarajevo", "country": "Bosnia and Herzegovina", "cc": "BA", "wikis": 31, "rank": 2, "osm": "Q1255835", "h": 0}}, {"type": "Feature", "geometry": {"type": "Polygon", "coordinates": [[[18.42891, 43.85778], [18.42903, 43.85748], [18.42897, 43.85747], [18.42885, 43.85777], [18.42891, 43.85778]]]}, "properties": {"name": "Latin Bridge", "city": "Sarajevo", "country": "Bosnia and Herzegovina", "cc": "BA", "wikis": 30, "rank": 3, "osm": "Q1277685", "h": 0}}, {"type": "Feature", "geometry": {"type": "Polygon", "coordinates": [[[-47.86028, -15.7994], [-47.86012, -15.79889], [-47.86122, -15.79855], [-47.86139, -15.79905], [-47.86058, -15.7993], [-47.8606, -15.79937], [-47.86056, -15.79938], [-47.86053, -15.79932], [-47.86028, -15.7994]]]}, "properties": {"name": "Palácio do Planalto", "city": "Brasília", "country": "Brazil", "cc": "BR", "wikis": 34, "rank": 1, "osm": "Q496950", "h": 0}}, {"type": "Feature", "geometry": {"type": "Polygon", "coordinates": [[[-47.87572, -15.79814], [-47.87552, -15.79808], [-47.87541, -15.79811], [-47.87533, -15.79818], [-47.87528, -15.79827], [-47.87527, -15.79837], [-47.87538, -15.79855], [-47.87547, -15.7986], [-47.87558, -15.79861], [-47.87568, -15.79858], [-47.87576, -15.79851], [-47.87581, -15.79842], [-47.87582, -15.79832], [-47.87579, -15.79822], [-47.87572, -15.79814]]]}, "properties": {"name": "Cathedral of Brasília", "city": "Brasília", "country": "Brazil", "cc": "BR", "wikis": 33, "rank": 2, "osm": "Q201720", "h": 0}}, {"type": "Feature", "geometry": {"type": "Polygon", "coordinates": [[[114.93888, 4.88936], [114.93901, 4.88933], [114.93899, 4.88926], [114.9391, 4.88923], [114.93912, 4.8893], [114.93936, 4.88924], [114.93938, 4.88931], [114.93949, 4.88929], [114.93951, 4.88938], [114.93941, 4.88941], [114.93943, 4.88947], [114.93918, 4.88953], [114.93919, 4.88959], [114.9391, 4.88962], [114.93909, 4.88956], [114.93894, 4.8896], [114.93888, 4.88936]]]}, "properties": {"name": "Omar Ali Saifuddien Mosque", "city": "Bandar Seri Begawan", "country": "Brunei", "cc": "BN", "wikis": 39, "rank": 1, "osm": "Q842921", "h": 0}}, {"type": "Feature", "geometry": {"type": "Polygon", "coordinates": [[[114.91957, 4.87088], [114.91956, 4.87067], [114.92024, 4.86993], [114.92038, 4.86991], [114.92089, 4.87038], [114.92088, 4.87054], [114.92099, 4.87065], [114.921, 4.87073], [114.92194, 4.87158], [114.92208, 4.87213], [114.92188, 4.87229], [114.92166, 4.87231], [114.92107, 4.87291], [114.92101, 4.87286], [114.92078, 4.87312], [114.91978, 4.87219], [114.92, 4.87197], [114.91995, 4.87192], [114.9204, 4.87146], [114.92025, 4.87131], [114.92007, 4.87132], [114.91957, 4.87088]]]}, "properties": {"name": "Istana Nurul Iman", "city": "Bandar Seri Begawan", "country": "Brunei", "cc": "BN", "wikis": 27, "rank": 2, "osm": "Q1323932", "h": 0}}, {"type": "Feature", "geometry": {"type": "Polygon", "coordinates": [[[114.96829, 4.88509], [114.96825, 4.88524], [114.96863, 4.88534], [114.96879, 4.88542], [114.96909, 4.88565], [114.9692, 4.88553], [114.96888, 4.88528], [114.96899, 4.88509], [114.9688, 4.885], [114.96869, 4.8852], [114.96829, 4.88509]]]}, "properties": {"name": "Brunei Museum", "city": "Bandar Seri Begawan", "country": "Brunei", "cc": "BN", "wikis": 20, "rank": 3, "osm": "Q2756903", "h": 0}}, {"type": "Feature", "geometry": {"type": "Polygon", "coordinates": [[[23.33277, 42.69557], [23.33241, 42.69563], [23.33244, 42.69575], [23.33235, 42.6958], [23.33239, 42.69595], [23.33249, 42.69596], [23.33251, 42.69608], [23.33296, 42.69605], [23.33318, 42.69595], [23.33317, 42.69587], [23.33323, 42.69582], [23.33324, 42.69576], [23.33313, 42.69568], [23.3331, 42.6956], [23.33305, 42.69557], [23.33294, 42.69558], [23.33294, 42.69555], [23.33277, 42.69557]]]}, "properties": {"name": "Alexander Nevsky Cathedral", "city": "Sofia", "country": "Bulgaria", "cc": "BG", "wikis": 52, "rank": 1, "osm": "Q43282", "h": 9.0}}, {"type": "Feature", "geometry": {"type": "Polygon", "coordinates": [[[23.33277, 42.69557], [23.33241, 42.69563], [23.33244, 42.69575], [23.33235, 42.6958], [23.33239, 42.69595], [23.33249, 42.69596], [23.33251, 42.69608], [23.33296, 42.69605], [23.33318, 42.69595], [23.33317, 42.69587], [23.33323, 42.69582], [23.33324, 42.69576], [23.33313, 42.69568], [23.3331, 42.6956], [23.33305, 42.69557], [23.33294, 42.69558], [23.33294, 42.69555], [23.33277, 42.69557]]]}, "properties": {"name": "Bulgarian Orthodox Church", "city": "Sofia", "country": "Bulgaria", "cc": "BG", "wikis": 51, "rank": 2, "osm": "Q43282", "h": 9.0}}, {"type": "Feature", "geometry": {"type": "Polygon", "coordinates": [[[23.26611, 42.6446], [23.26611, 42.64469], [23.26628, 42.64468], [23.26628, 42.6446], [23.26611, 42.6446]]]}, "properties": {"name": "Boyana Church", "city": "Sofia", "country": "Bulgaria", "cc": "BG", "wikis": 49, "rank": 3, "osm": "Q276553", "h": 3.5}}, {"type": "Feature", "geometry": {"type": "Polygon", "coordinates": [[[-1.52736, 12.36207], [-1.5267, 12.36207], [-1.5267, 12.36201], [-1.52665, 12.36201], [-1.52665, 12.36192], [-1.5267, 12.36192], [-1.5267, 12.36186], [-1.52736, 12.36186], [-1.52736, 12.36207]]]}, "properties": {"name": "Ouagadougou Cathedral", "city": "Ouagadougou", "country": "Burkina Faso", "cc": "BF", "wikis": 20, "rank": 1, "osm": "Q1736205", "h": 0}}, {"type": "Feature", "geometry": {"type": "Polygon", "coordinates": [[[-1.52736, 12.36207], [-1.5267, 12.36207], [-1.5267, 12.36201], [-1.52665, 12.36201], [-1.52665, 12.36192], [-1.5267, 12.36192], [-1.5267, 12.36186], [-1.52736, 12.36186], [-1.52736, 12.36207]]]}, "properties": {"name": "Roman Catholic Archdiocese of Ouagadougou", "city": "Ouagadougou", "country": "Burkina Faso", "cc": "BF", "wikis": 16, "rank": 2, "osm": "Q1736205", "h": 0}}, {"type": "Feature", "geometry": {"type": "Polygon", "coordinates": [[[104.91762, 11.54952], [104.9176, 11.54956], [104.91768, 11.54956], [104.91768, 11.54949], [104.91781, 11.5495], [104.91782, 11.54942], [104.91768, 11.54941], [104.91769, 11.54935], [104.91762, 11.54935], [104.91762, 11.54944], [104.91761, 11.54941], [104.91744, 11.54941], [104.91743, 11.54949], [104.91762, 11.54947], [104.91762, 11.54952]]]}, "properties": {"name": "Tuol Sleng torture center", "city": "Phnom Penh", "country": "Cambodia", "cc": "KH", "wikis": 43, "rank": 1, "osm": "Q850268", "h": 0}}, {"type": "Feature", "geometry": {"type": "Polygon", "coordinates": [[[104.93155, 11.56148], [104.93087, 11.56259], [104.92911, 11.56155], [104.92803, 11.56412], [104.93113, 11.56548], [104.93124, 11.56543], [104.93296, 11.56217], [104.93295, 11.5621], [104.93155, 11.56148]]]}, "properties": {"name": "Royal Palace", "city": "Phnom Penh", "country": "Cambodia", "cc": "KH", "wikis": 23, "rank": 2, "osm": "Q420618", "h": 0}}, {"type": "Feature", "geometry": {"type": "Polygon", "coordinates": [[[104.9293, 11.56522], [104.92901, 11.56589], [104.92918, 11.56596], [104.92955, 11.5651], [104.92938, 11.56503], [104.9293, 11.56522]]]}, "properties": {"name": "National Museum of Cambodia", "city": "Phnom Penh", "country": "Cambodia", "cc": "KH", "wikis": 22, "rank": 3, "osm": "Q1929750", "h": 0}}, {"type": "Feature", "geometry": {"type": "Polygon", "coordinates": [[[11.51552, 3.8605], [11.51544, 3.86056], [11.51542, 3.86054], [11.51522, 3.86073], [11.51526, 3.86077], [11.51553, 3.86051], [11.51557, 3.86056], [11.51566, 3.86048], [11.5157, 3.86052], [11.5159, 3.86029], [11.51579, 3.86017], [11.5157, 3.86026], [11.51573, 3.86029], [11.51558, 3.86043], [11.51555, 3.86039], [11.51548, 3.86046], [11.51552, 3.8605]]]}, "properties": {"name": "National Library of Cameroon", "city": "Yaoundé", "country": "Cameroon", "cc": "CM", "wikis": 9, "rank": 1, "osm": "Q16335742", "h": 0}}, {"type": "Feature", "geometry": {"type": "Polygon", "coordinates": [[[11.52101, 3.86361], [11.52121, 3.86365], [11.5213, 3.86351], [11.52129, 3.86347], [11.52134, 3.86346], [11.52128, 3.86329], [11.52123, 3.86331], [11.52107, 3.86284], [11.52077, 3.86294], [11.52093, 3.86339], [11.52088, 3.86341], [11.52094, 3.86358], [11.52099, 3.86356], [11.52101, 3.86361]]]}, "properties": {"name": "Our Lady of Victories Cathedral, Yaoundé", "city": "Yaoundé", "country": "Cameroon", "cc": "CM", "wikis": 8, "rank": 2, "osm": "Q15957739", "h": 0}}, {"type": "Feature", "geometry": {"type": "Polygon", "coordinates": [[[11.51838, 3.86409], [11.51824, 3.86422], [11.51846, 3.86446], [11.5186, 3.86433], [11.51838, 3.86409]]]}, "properties": {"name": "Blackitude Museum", "city": "Yaoundé", "country": "Cameroon", "cc": "CM", "wikis": 8, "rank": 3, "osm": "Q15961646", "h": 0}}, {"type": "Feature", "geometry": {"type": "Polygon", "coordinates": [[[-75.69751, 45.42953], [-75.69747, 45.42965], [-75.69757, 45.42971], [-75.69766, 45.4297], [-75.69794, 45.43002], [-75.69792, 45.43006], [-75.69803, 45.43013], [-75.69807, 45.43011], [-75.69805, 45.43009], [-75.69807, 45.43004], [-75.69814, 45.43001], [-75.69807, 45.42997], [-75.69865, 45.42972], [-75.69878, 45.42987], [-75.69881, 45.42995], [-75.69894, 45.43006], [-75.69889, 45.43008], [-75.69895, 45.43015], [-75.69966, 45.42984], [-75.69975, 45.42956], [-75.69982, 45.42953], [-75.69984, 45.42956], [-75.69988, 45.42955], [-75.69991, 45.42946], [-75.69989, 45.42943], [-75.69976, 45.42941], [-75.69943, 45.42903], [-75.69914, 45.42897], [-75.69911, 45.42899], [-75.699, 45.42892], [-75.69889, 45.4289], [-75.69875, 45.42893], [-75.69871, 45.42898], [-75.69871, 45.42904], [-75.69868, 45.42905], [-75.6987, 45.42908], [-75.69867, 45.42913], [-75.69772, 45.42954], [-75.69764, 45.42951], [-75.69751, 45.42953]]]}, "properties": {"name": "National Gallery of Canada", "city": "Ottawa", "country": "Canada", "cc": "CA", "wikis": 33, "rank": 1, "osm": "Q1068063", "h": 21.0}}, {"type": "Feature", "geometry": {"type": "Polygon", "coordinates": [[[-75.7083, 45.41936], [-75.70824, 45.41939], [-75.70822, 45.41937], [-75.70809, 45.41945], [-75.70821, 45.41959], [-75.70816, 45.41962], [-75.70814, 45.4196], [-75.70788, 45.41971], [-75.70767, 45.4198], [-75.70768, 45.41982], [-75.70762, 45.41985], [-75.70751, 45.41971], [-75.7073, 45.41979], [-75.70771, 45.42027], [-75.70872, 45.41984], [-75.70859, 45.41969], [-75.70888, 45.41961], [-75.70879, 45.41948], [-75.70872, 45.41942], [-75.70847, 45.41956], [-75.7083, 45.41936]]]}, "properties": {"name": "Library and Archives Canada", "city": "Ottawa", "country": "Canada", "cc": "CA", "wikis": 27, "rank": 2, "osm": "Q913250", "h": 0}}, {"type": "Feature", "geometry": {"type": "Polygon", "coordinates": [[[-75.71015, 45.42834], [-75.71025, 45.42835], [-75.70993, 45.43025], [-75.70968, 45.43151], [-75.70956, 45.43165], [-75.70944, 45.43174], [-75.70927, 45.43179], [-75.70907, 45.4318], [-75.70892, 45.43177], [-75.70769, 45.43132], [-75.70685, 45.43093], [-75.70675, 45.43076], [-75.70675, 45.43069], [-75.70703, 45.43008], [-75.70712, 45.42968], [-75.7071, 45.42937], [-75.70689, 45.42882], [-75.70673, 45.42854], [-75.70659, 45.42835], [-75.70611, 45.4279], [-75.70671, 45.4279], [-75.7077, 45.42802], [-75.70999, 45.42821], [-75.71003, 45.42833], [-75.71015, 45.42834]]]}, "properties": {"name": "Canadian Museum of History", "city": "Ottawa", "country": "Canada", "cc": "CA", "wikis": 23, "rank": 3, "osm": "Q1032269", "h": 27.0}}, {"type": "Feature", "geometry": {"type": "Polygon", "coordinates": [[[-23.50885, 14.91733], [-23.50879, 14.91744], [-23.5086, 14.91733], [-23.50858, 14.91737], [-23.50849, 14.91731], [-23.50854, 14.91724], [-23.50849, 14.91721], [-23.50852, 14.91717], [-23.50856, 14.9172], [-23.5086, 14.91713], [-23.5087, 14.91718], [-23.50867, 14.91722], [-23.50885, 14.91733]]]}, "properties": {"name": "Roman Catholic Diocese of Santiago de Cabo Verde", "city": "Praia", "country": "Cape Verde", "cc": "CV", "wikis": 15, "rank": 1, "osm": "Q3580187", "h": 0}}, {"type": "Feature", "geometry": {"type": "Polygon", "coordinates": [[[-23.51257, 14.91667], [-23.5125, 14.91667], [-23.51242, 14.91678], [-23.51163, 14.91671], [-23.51157, 14.91667], [-23.51153, 14.91657], [-23.51149, 14.91656], [-23.51161, 14.91549], [-23.51171, 14.91549], [-23.51203, 14.91558], [-23.51253, 14.91564], [-23.51259, 14.91572], [-23.51268, 14.91573], [-23.51257, 14.91667]]]}, "properties": {"name": "National Library of Cape Verde", "city": "Praia", "country": "Cape Verde", "cc": "CV", "wikis": 14, "rank": 2, "osm": "Q569437", "h": 0}}, {"type": "Feature", "geometry": {"type": "Polygon", "coordinates": [[[18.58512, 4.36479], [18.58497, 4.36492], [18.58503, 4.36498], [18.58497, 4.36503], [18.58512, 4.36521], [18.58524, 4.36508], [18.58526, 4.3651], [18.58565, 4.36478], [18.58544, 4.36453], [18.58512, 4.36479]]]}, "properties": {"name": "Renaissance Palace", "city": "Bangui", "country": "Central African Republic", "cc": "CF", "wikis": 2, "rank": 3, "osm": "Q24951076", "h": 0}}, {"type": "Feature", "geometry": {"type": "Polygon", "coordinates": [[[15.07738, 12.1256], [15.07724, 12.12534], [15.07747, 12.12522], [15.07762, 12.12547], [15.07738, 12.1256]]]}, "properties": {"name": "Chad National Museum", "city": "N'Djamena", "country": "Chad", "cc": "TD", "wikis": 15, "rank": 1, "osm": "Q2684769", "h": 0}}, {"type": "Feature", "geometry": {"type": "Polygon", "coordinates": [[[15.03705, 12.1114], [15.03738, 12.11177], [15.0375, 12.11175], [15.03757, 12.11168], [15.03757, 12.1116], [15.03731, 12.11119], [15.03725, 12.11123], [15.03716, 12.11114], [15.037, 12.11126], [15.03709, 12.11137], [15.03705, 12.1114]]]}, "properties": {"name": "Roman Catholic Archdiocese of N'Djamena", "city": "N'Djamena", "country": "Chad", "cc": "TD", "wikis": 14, "rank": 2, "osm": "Q15689003", "h": 14.0}}, {"type": "Feature", "geometry": {"type": "Polygon", "coordinates": [[[-70.60716, -33.41699], [-70.60672, -33.41723], [-70.60643, -33.41687], [-70.60686, -33.41662], [-70.60716, -33.41699]]]}, "properties": {"name": "Gran Torre Costanera", "city": "Santiago", "country": "Chile", "cc": "CL", "wikis": 29, "rank": 1, "osm": "Q1542408", "h": 300.0}}, {"type": "Feature", "geometry": {"type": "Polygon", "coordinates": [[[-70.64606, -33.44168], [-70.64554, -33.44162], [-70.6455, -33.44179], [-70.64555, -33.4418], [-70.64551, -33.44183], [-70.64547, -33.44217], [-70.64543, -33.44222], [-70.64533, -33.4422], [-70.64528, -33.44237], [-70.646, -33.44252], [-70.64605, -33.44235], [-70.64595, -33.44233], [-70.64595, -33.44227], [-70.64599, -33.4422], [-70.64604, -33.44188], [-70.646, -33.44188], [-70.646, -33.44185], [-70.64605, -33.44186], [-70.64606, -33.44168]]]}, "properties": {"name": "National Library of Chile", "city": "Santiago", "country": "Chile", "cc": "CL", "wikis": 25, "rank": 2, "osm": "Q2901485", "h": 0}}, {"type": "Feature", "geometry": {"type": "Polygon", "coordinates": [[[-70.64454, -33.4351], [-70.64452, -33.43504], [-70.64447, -33.43503], [-70.6444, -33.43494], [-70.64394, -33.43503], [-70.64396, -33.43515], [-70.64375, -33.4352], [-70.64371, -33.43504], [-70.64367, -33.435], [-70.64331, -33.43507], [-70.64328, -33.43514], [-70.64334, -33.43529], [-70.64331, -33.43532], [-70.64335, -33.43544], [-70.64339, -33.43545], [-70.64345, -33.43563], [-70.64351, -33.43565], [-70.64383, -33.43558], [-70.64386, -33.43551], [-70.64381, -33.43536], [-70.64402, -33.43531], [-70.64406, -33.43541], [-70.64452, -33.4353], [-70.64455, -33.43527], [-70.64452, -33.43519], [-70.64456, -33.43517], [-70.64454, -33.4351]]]}, "properties": {"name": "Chilean National Museum of Fine Arts", "city": "Santiago", "country": "Chile", "cc": "CL", "wikis": 21, "rank": 3, "osm": "Q775376", "h": 7.0}}, {"type": "Feature", "geometry": {"type": "Polygon", "coordinates": [[[-74.07269, 4.60247], [-74.07303, 4.60188], [-74.07244, 4.60154], [-74.0721, 4.60213], [-74.07269, 4.60247]]]}, "properties": {"name": "Gold Museum", "city": "Bogotá", "country": "Colombia", "cc": "CO", "wikis": 28, "rank": 1, "osm": "Q541060", "h": 0}}, {"type": "Feature", "geometry": {"type": "Polygon", "coordinates": [[[-74.07533, 4.59821], [-74.07564, 4.59771], [-74.07542, 4.59757], [-74.07545, 4.59752], [-74.0753, 4.59743], [-74.07522, 4.59755], [-74.07504, 4.59744], [-74.07497, 4.59756], [-74.0747, 4.59739], [-74.07451, 4.5977], [-74.07533, 4.59821]]]}, "properties": {"name": "Primary Cathedral of Bogotá", "city": "Bogotá", "country": "Colombia", "cc": "CO", "wikis": 20, "rank": 2, "osm": "Q2942872", "h": 14.0}}, {"type": "Feature", "geometry": {"type": "Polygon", "coordinates": [[[-74.0704, 4.61108], [-74.07036, 4.61085], [-74.07011, 4.61088], [-74.07008, 4.61092], [-74.07014, 4.61114], [-74.07037, 4.61111], [-74.0704, 4.61108]]]}, "properties": {"name": "Torre Colpatria", "city": "Bogotá", "country": "Colombia", "cc": "CO", "wikis": 17, "rank": 3, "osm": "Q3120855", "h": 0}}, {"type": "Feature", "geometry": {"type": "MultiPolygon", "coordinates": [[[[-84.07131, 9.93226], [-84.07125, 9.93323], [-84.0718, 9.93329], [-84.07188, 9.93234], [-84.07136, 9.93229], [-84.07131, 9.93226]]], [[[-84.07123, 9.93316], [-84.07124, 9.93289], [-84.07109, 9.93292], [-84.07108, 9.93309], [-84.07104, 9.93309], [-84.07103, 9.93317], [-84.07117, 9.93319], [-84.07117, 9.93316], [-84.07123, 9.93316]]], [[[-84.0712, 9.93287], [-84.07112, 9.93287], [-84.07113, 9.93274], [-84.07123, 9.93275], [-84.0712, 9.93287]]]]}, "properties": {"name": "National Museum of Costa Rica", "city": "San José", "country": "Costa Rica", "cc": "CR", "wikis": 16, "rank": 1, "osm": "Q1968698", "h": 0}}, {"type": "Feature", "geometry": {"type": "Polygon", "coordinates": [[[-84.2146, 10.01761], [-84.21427, 10.0177], [-84.21404, 10.01694], [-84.21438, 10.01684], [-84.2146, 10.01761]]]}, "properties": {"name": "Roman Catholic Diocese of Alajuela", "city": "San José", "country": "Costa Rica", "cc": "CR", "wikis": 13, "rank": 2, "osm": "Q28503034", "h": 0}}, {"type": "Feature", "geometry": {"type": "Polygon", "coordinates": [[[15.97933, 45.81438], [15.97948, 45.81436], [15.97947, 45.81432], [15.9795, 45.81432], [15.9795, 45.81435], [15.97957, 45.81434], [15.97956, 45.81431], [15.97959, 45.81431], [15.97959, 45.81434], [15.97966, 45.81432], [15.97968, 45.81429], [15.97968, 45.81432], [15.97975, 45.81431], [15.97975, 45.81428], [15.97978, 45.81431], [15.98013, 45.81425], [15.98012, 45.81427], [15.98019, 45.81429], [15.98018, 45.81433], [15.98028, 45.81431], [15.98038, 45.81436], [15.98036, 45.81437], [15.9804, 45.81444], [15.98033, 45.8145], [15.98032, 45.81448], [15.98023, 45.81451], [15.98026, 45.81456], [15.98021, 45.81459], [15.98035, 45.81457], [15.98039, 45.81461], [15.98022, 45.81467], [15.97998, 45.8147], [15.97995, 45.81463], [15.9796, 45.8147], [15.97943, 45.8147], [15.9794, 45.8146], [15.97936, 45.8146], [15.97933, 45.8145], [15.97937, 45.81449], [15.97933, 45.81438]]]}, "properties": {"name": "Zagreb Cathedral", "city": "Zagreb", "country": "Croatia", "cc": "HR", "wikis": 41, "rank": 1, "osm": "Q312220", "h": 0}}, {"type": "Feature", "geometry": {"type": "Polygon", "coordinates": [[[15.96979, 45.80915], [15.96979, 45.8091], [15.96995, 45.80909], [15.97029, 45.80912], [15.97028, 45.80916], [15.97032, 45.80919], [15.97028, 45.80924], [15.97028, 45.80935], [15.97031, 45.80938], [15.97024, 45.80939], [15.97026, 45.80964], [15.97019, 45.80964], [15.97018, 45.80969], [15.9701, 45.80968], [15.97007, 45.80973], [15.97001, 45.80974], [15.96994, 45.80968], [15.96986, 45.80969], [15.96985, 45.80964], [15.96978, 45.80962], [15.96982, 45.80938], [15.96975, 45.80937], [15.96979, 45.80933], [15.96979, 45.8092], [15.96975, 45.80917], [15.96979, 45.80915]]]}, "properties": {"name": "Croatian National Theatre in Zagreb", "city": "Zagreb", "country": "Croatia", "cc": "HR", "wikis": 32, "rank": 2, "osm": "Q268151", "h": 10.5}}, {"type": "Feature", "geometry": {"type": "Polygon", "coordinates": [[[15.97396, 45.81596], [15.97395, 45.81587], [15.97322, 45.81595], [15.97321, 45.81604], [15.97334, 45.81673], [15.97409, 45.8167], [15.97415, 45.81665], [15.97408, 45.81663], [15.97407, 45.81653], [15.97403, 45.8165], [15.97396, 45.81596]]]}, "properties": {"name": "St. Mark's Church in Zagreb", "city": "Zagreb", "country": "Croatia", "cc": "HR", "wikis": 29, "rank": 3, "osm": "Q2501733", "h": 0}}, {"type": "Feature", "geometry": {"type": "Polygon", "coordinates": [[[-82.3519, 23.1411], [-82.35168, 23.14116], [-82.35169, 23.14118], [-82.35161, 23.14121], [-82.35176, 23.14153], [-82.35184, 23.1415], [-82.35189, 23.1416], [-82.3521, 23.14151], [-82.3519, 23.1411]]]}, "properties": {"name": "Havana Cathedral", "city": "Havana", "country": "Cuba", "cc": "CU", "wikis": 24, "rank": 1, "osm": "Q15043487", "h": 10.5}}, {"type": "Feature", "geometry": {"type": "Polygon", "coordinates": [[[-82.3601, 23.13533], [-82.36005, 23.13506], [-82.35996, 23.13507], [-82.35986, 23.13451], [-82.35978, 23.13452], [-82.35975, 23.13443], [-82.35964, 23.13434], [-82.35948, 23.13434], [-82.35939, 23.13443], [-82.35938, 23.13458], [-82.3593, 23.13459], [-82.35941, 23.13515], [-82.3593, 23.13517], [-82.35936, 23.13544], [-82.35946, 23.13543], [-82.35955, 23.13597], [-82.35963, 23.13596], [-82.35964, 23.13604], [-82.35973, 23.13614], [-82.35986, 23.13616], [-82.35998, 23.1361], [-82.36002, 23.13605], [-82.36002, 23.13591], [-82.36011, 23.1359], [-82.36001, 23.13534], [-82.3601, 23.13533]]]}, "properties": {"name": "El Capitolio", "city": "Havana", "country": "Cuba", "cc": "CU", "wikis": 22, "rank": 2, "osm": "Q1352908", "h": 30.0}}, {"type": "Feature", "geometry": {"type": "Polygon", "coordinates": [[[-82.35697, 23.14141], [-82.35646, 23.14134], [-82.3564, 23.14171], [-82.35651, 23.14172], [-82.3565, 23.1418], [-82.35681, 23.14184], [-82.35683, 23.14175], [-82.35692, 23.14176], [-82.35697, 23.14141]]]}, "properties": {"name": "Museum of the Revolution", "city": "Havana", "country": "Cuba", "cc": "CU", "wikis": 22, "rank": 3, "osm": "Q1781364", "h": 14.0}}, {"type": "Feature", "geometry": {"type": "Polygon", "coordinates": [[[33.36411, 35.17659], [33.36465, 35.17663], [33.36465, 35.17669], [33.36488, 35.17671], [33.3649, 35.17663], [33.36496, 35.1766], [33.36498, 35.17651], [33.36477, 35.17634], [33.3647, 35.17633], [33.36465, 35.17638], [33.36446, 35.17637], [33.36446, 35.17632], [33.36437, 35.17632], [33.36436, 35.17639], [33.36413, 35.17638], [33.36411, 35.17659]]]}, "properties": {"name": "Saint Sophia Cathedral", "city": "Nicosia", "country": "Cyprus", "cc": "CY", "wikis": 40, "rank": 2, "osm": "Q1476251", "h": 10.5}}, {"type": "Feature", "geometry": {"type": "Polygon", "coordinates": [[[33.35554, 35.172], [33.35538, 35.17164], [33.35596, 35.17146], [33.35613, 35.17182], [33.35554, 35.172]]]}, "properties": {"name": "Cyprus Museum", "city": "Nicosia", "country": "Cyprus", "cc": "CY", "wikis": 28, "rank": 3, "osm": "Q1148462", "h": 0}}, {"type": "Feature", "geometry": {"type": "Polygon", "coordinates": [[[14.40007, 50.09025], [14.40007, 50.09025], [14.40008, 50.09026], [14.40008, 50.09026], [14.40008, 50.09026], [14.4001, 50.09025], [14.4001, 50.09025], [14.4001, 50.09025], [14.40009, 50.09024], [14.40009, 50.09024], [14.40008, 50.09024], [14.40007, 50.09025], [14.40007, 50.09025]]]}, "properties": {"name": "Prague Castle", "city": "Prague", "country": "Czech Republic", "cc": "CZ", "wikis": 64, "rank": 1, "osm": "Q1723373", "h": 16.5}}, {"type": "Feature", "geometry": {"type": "Polygon", "coordinates": [[[14.4092, 50.08676], [14.41237, 50.08637], [14.41353, 50.08619], [14.4092, 50.08676]]]}, "properties": {"name": "Charles Bridge", "city": "Prague", "country": "Czech Republic", "cc": "CZ", "wikis": 62, "rank": 2, "osm": "Q204871", "h": 0}}, {"type": "Feature", "geometry": {"type": "Polygon", "coordinates": [[[14.40031, 50.09061], [14.40004, 50.09053], [14.39998, 50.09058], [14.39991, 50.09056], [14.39992, 50.09053], [14.39985, 50.09054], [14.39969, 50.09081], [14.39974, 50.09086], [14.39976, 50.09083], [14.39982, 50.09085], [14.39979, 50.09089], [14.39982, 50.09091], [14.4001, 50.09095], [14.4001, 50.091], [14.40027, 50.09102], [14.40032, 50.09107], [14.40037, 50.09105], [14.40052, 50.09108], [14.4005, 50.09111], [14.40054, 50.09112], [14.40072, 50.09112], [14.40074, 50.09115], [14.40081, 50.09114], [14.40083, 50.09117], [14.40086, 50.09115], [14.40099, 50.09119], [14.40105, 50.09117], [14.40108, 50.0912], [14.40115, 50.0912], [14.40117, 50.09117], [14.4012, 50.09119], [14.4012, 50.09116], [14.40125, 50.09118], [14.40132, 50.09114], [14.40131, 50.09111], [14.40133, 50.09113], [14.40136, 50.09112], [14.40133, 50.0911], [14.4014, 50.09109], [14.40138, 50.09108], [14.40141, 50.09104], [14.40138, 50.09102], [14.40142, 50.09101], [14.40138, 50.091], [14.40142, 50.09096], [14.40139, 50.09094], [14.40141, 50.09093], [14.40135, 50.09092], [14.40138, 50.09089], [14.40133, 50.0909], [14.40133, 50.09085], [14.40128, 50.09085], [14.40129, 50.09083], [14.40122, 50.09085], [14.40123, 50.09081], [14.40106, 50.09079], [14.40105, 50.09076], [14.40096, 50.09077], [14.40097, 50.09072], [14.40087, 50.09073], [14.4009, 50.09069], [14.40081, 50.09067], [14.40083, 50.09063], [14.4008, 50.09061], [14.40064, 50.09057], [14.4006, 50.09057], [14.40058, 50.09061], [14.40046, 50.09058], [14.40048, 50.09054], [14.40045, 50.09053], [14.40043, 50.09056], [14.40033, 50.09055], [14.40031, 50.09061]]]}, "properties": {"name": "St. Vitus Cathedral", "city": "Prague", "country": "Czech Republic", "cc": "CZ", "wikis": 59, "rank": 3, "osm": "Q5949", "h": 15.0}}, {"type": "Feature", "geometry": {"type": "Polygon", "coordinates": [[[15.28247, -4.30402], [15.28259, -4.30406], [15.28251, -4.30426], [15.28241, -4.30423], [15.28247, -4.30402]]]}, "properties": {"name": "National Library of the Democratic Republic of Congo", "city": "Kinshasa", "country": "Democratic Republic of the Congo", "cc": "CD", "wikis": 12, "rank": 1, "osm": "Q16875750", "h": 0}}, {"type": "Feature", "geometry": {"type": "Polygon", "coordinates": [[[43.15118, 11.60027], [43.1515, 11.60011], [43.15153, 11.60005], [43.15152, 11.59996], [43.1514, 11.59991], [43.15107, 11.6001], [43.15118, 11.60027]]]}, "properties": {"name": "Roman Catholic Diocese of Djibouti", "city": "Djibouti", "country": "Djibouti", "cc": "DJ", "wikis": 18, "rank": 1, "osm": "Q16538426", "h": 0}}, {"type": "Feature", "geometry": {"type": "Polygon", "coordinates": [[[-61.38527, 15.29625], [-61.3851, 15.2964], [-61.38526, 15.29656], [-61.38532, 15.29651], [-61.38534, 15.29653], [-61.3855, 15.29637], [-61.38536, 15.29622], [-61.38531, 15.29628], [-61.38527, 15.29625]]]}, "properties": {"name": "Roman Catholic Diocese of Roseau", "city": "Roseau", "country": "Dominica", "cc": "DM", "wikis": 13, "rank": 2, "osm": "Q5588875", "h": 0}}, {"type": "Feature", "geometry": {"type": "Polygon", "coordinates": [[[-69.88215, 18.47085], [-69.88131, 18.47177], [-69.88127, 18.47196], [-69.88143, 18.47303], [-69.8817, 18.47364], [-69.88252, 18.47346], [-69.88239, 18.47271], [-69.88243, 18.4727], [-69.8822, 18.4709], [-69.88215, 18.47085]]]}, "properties": {"name": "Fortaleza Ozama", "city": "Santo Domingo", "country": "Dominican Republic", "cc": "DO", "wikis": 21, "rank": 1, "osm": "Q2516819", "h": 0}}, {"type": "Feature", "geometry": {"type": "Polygon", "coordinates": [[[-69.88285, 18.47761], [-69.88273, 18.4772], [-69.88258, 18.47724], [-69.88269, 18.47765], [-69.88285, 18.47761]]]}, "properties": {"name": "Alcázar de Colón", "city": "Santo Domingo", "country": "Dominican Republic", "cc": "DO", "wikis": 18, "rank": 2, "osm": "Q668772", "h": 0}}, {"type": "Feature", "geometry": {"type": "Polygon", "coordinates": [[[-69.88428, 18.47275], [-69.88431, 18.47286], [-69.88418, 18.47289], [-69.88423, 18.47313], [-69.88372, 18.47323], [-69.88369, 18.4731], [-69.88364, 18.47311], [-69.88359, 18.47288], [-69.88428, 18.47275]]]}, "properties": {"name": "Basílica Catedral Metropolitana Santa María de la Encarnación", "city": "Santo Domingo", "country": "Dominican Republic", "cc": "DO", "wikis": 17, "rank": 3, "osm": "Q2391099", "h": 0}}, {"type": "Feature", "geometry": {"type": "Polygon", "coordinates": [[[-78.51352, -0.22088], [-78.5137, -0.22108], [-78.5141, -0.22074], [-78.51405, -0.22068], [-78.5141, -0.22064], [-78.51406, -0.22054], [-78.51409, -0.22051], [-78.51404, -0.22044], [-78.51352, -0.22088]]]}, "properties": {"name": "Cathedral of Quito", "city": "Quito", "country": "Ecuador", "cc": "EC", "wikis": 15, "rank": 1, "osm": "Q3075573", "h": 20.0}}, {"type": "Feature", "geometry": {"type": "Polygon", "coordinates": [[[-78.50254, -0.21502], [-78.50247, -0.21502], [-78.50247, -0.21495], [-78.5024, -0.21493], [-78.5024, -0.21486], [-78.50246, -0.21484], [-78.50246, -0.21476], [-78.50254, -0.21476], [-78.50256, -0.21486], [-78.50263, -0.21486], [-78.50263, -0.21493], [-78.50254, -0.21495], [-78.50254, -0.21502]]]}, "properties": {"name": "Quito Astronomical Observatory", "city": "Quito", "country": "Ecuador", "cc": "EC", "wikis": 14, "rank": 2, "osm": "Q2581892", "h": 10.5}}, {"type": "Feature", "geometry": {"type": "Polygon", "coordinates": [[[31.13538, 29.98019], [31.13538, 29.97814], [31.13305, 29.97813], [31.13305, 29.98019], [31.13538, 29.98019]]]}, "properties": {"name": "Great Pyramid of Giza", "city": "Cairo", "country": "Egypt", "cc": "EG", "wikis": 126, "rank": 1, "osm": "Q37200", "h": 138.8}}, {"type": "Feature", "geometry": {"type": "Polygon", "coordinates": [[[31.12876, 29.97295], [31.12875, 29.97206], [31.12777, 29.97207], [31.12777, 29.97296], [31.12876, 29.97295]]]}, "properties": {"name": "Egyptian pyramids", "city": "Cairo", "country": "Egypt", "cc": "EG", "wikis": 85, "rank": 3, "osm": "Q238623", "h": 66.0}}, {"type": "Feature", "geometry": {"type": "Polygon", "coordinates": [[[-89.3564, 13.82874], [-89.35652, 13.82883], [-89.35652, 13.82888], [-89.35675, 13.82909], [-89.35698, 13.82902], [-89.35712, 13.82819], [-89.35729, 13.82787], [-89.35739, 13.82779], [-89.35807, 13.82746], [-89.35579, 13.82624], [-89.35541, 13.82719], [-89.35498, 13.82751], [-89.3564, 13.82874]]]}, "properties": {"name": "Joya de Cerén", "city": "San Salvador", "country": "El Salvador", "cc": "SV", "wikis": 46, "rank": 1, "osm": "Q27985", "h": 0}}, {"type": "Feature", "geometry": {"type": "Polygon", "coordinates": [[[-89.38955, 13.80148], [-89.38915, 13.8013], [-89.38909, 13.80137], [-89.38885, 13.8013], [-89.38887, 13.80119], [-89.38876, 13.80116], [-89.38862, 13.80103], [-89.38833, 13.80094], [-89.38828, 13.80095], [-89.38803, 13.80218], [-89.38779, 13.8024], [-89.38773, 13.80259], [-89.38766, 13.80262], [-89.3873, 13.80251], [-89.38751, 13.80225], [-89.38763, 13.80222], [-89.38776, 13.80231], [-89.38795, 13.80216], [-89.3882, 13.80101], [-89.38803, 13.80091], [-89.38802, 13.80074], [-89.38816, 13.80066], [-89.38852, 13.80006], [-89.38864, 13.8001], [-89.38868, 13.80007], [-89.38874, 13.79997], [-89.38871, 13.79981], [-89.38879, 13.79968], [-89.38878, 13.79965], [-89.38902, 13.79964], [-89.38905, 13.79968], [-89.38898, 13.79978], [-89.38899, 13.79999], [-89.38901, 13.80008], [-89.38908, 13.80013], [-89.38914, 13.80012], [-89.38917, 13.80007], [-89.38917, 13.79994], [-89.38921, 13.7999], [-89.38933, 13.79983], [-89.38942, 13.79983], [-89.38947, 13.79978], [-89.38953, 13.79977], [-89.38961, 13.79982], [-89.38969, 13.79992], [-89.38983, 13.7999], [-89.3899, 13.79996], [-89.38984, 13.80014], [-89.3899, 13.80026], [-89.38999, 13.80031], [-89.38997, 13.80049], [-89.39002, 13.80052], [-89.39002, 13.80066], [-89.38983, 13.80082], [-89.38978, 13.80098], [-89.38985, 13.8011], [-89.38982, 13.80113], [-89.38971, 13.80113], [-89.38964, 13.80121], [-89.3896, 13.80137], [-89.38966, 13.80146], [-89.38955, 13.80148]]]}, "properties": {"name": "San Andrés, El Salvador", "city": "San Salvador", "country": "El Salvador", "cc": "SV", "wikis": 17, "rank": 2, "osm": "Q2000719", "h": 0}}, {"type": "Feature", "geometry": {"type": "Polygon", "coordinates": [[[38.94015, 15.33663], [38.94014, 15.33704], [38.94032, 15.33704], [38.94034, 15.33663], [38.94015, 15.33663]]]}, "properties": {"name": "Cinema Impero", "city": "Asmara", "country": "Eritrea", "cc": "ER", "wikis": 15, "rank": 2, "osm": "Q954653", "h": 0}}, {"type": "Feature", "geometry": {"type": "Polygon", "coordinates": [[[38.93782, 15.33656], [38.93801, 15.33657], [38.93801, 15.33675], [38.93805, 15.33677], [38.938, 15.33681], [38.938, 15.3369], [38.93788, 15.33692], [38.9378, 15.33688], [38.93781, 15.33681], [38.93777, 15.33676], [38.93781, 15.33674], [38.93782, 15.33656]]]}, "properties": {"name": "Church of Our Lady of the Rosary", "city": "Asmara", "country": "Eritrea", "cc": "ER", "wikis": 15, "rank": 3, "osm": "Q2061047", "h": 0}}, {"type": "Feature", "geometry": {"type": "Polygon", "coordinates": [[[24.73819, 59.43524], [24.73813, 59.43553], [24.73818, 59.43554], [24.73814, 59.43567], [24.73809, 59.43567], [24.73792, 59.43631], [24.73799, 59.43634], [24.73796, 59.43639], [24.73788, 59.4364], [24.73782, 59.43636], [24.73694, 59.43637], [24.73681, 59.43617], [24.73673, 59.43597], [24.7366, 59.43598], [24.73659, 59.43591], [24.7367, 59.43591], [24.73668, 59.43566], [24.73672, 59.43558], [24.73674, 59.43559], [24.73681, 59.4354], [24.73675, 59.4354], [24.73676, 59.43534], [24.73678, 59.43535], [24.73686, 59.43512], [24.73819, 59.43524]]]}, "properties": {"name": "Toompea Castle", "city": "Tallinn", "country": "Estonia", "cc": "EE", "wikis": 43, "rank": 1, "osm": "Q859010", "h": 0}}, {"type": "Feature", "geometry": {"type": "Polygon", "coordinates": [[[24.73975, 59.43584], [24.73958, 59.4359], [24.73937, 59.43587], [24.7393, 59.43591], [24.73916, 59.43589], [24.73918, 59.43585], [24.73914, 59.43585], [24.73916, 59.43583], [24.73886, 59.43578], [24.73891, 59.4357], [24.73884, 59.43569], [24.73889, 59.43562], [24.73896, 59.43563], [24.73901, 59.43556], [24.73931, 59.43561], [24.73936, 59.4356], [24.73938, 59.43556], [24.73952, 59.43559], [24.7395, 59.43563], [24.73954, 59.43563], [24.73953, 59.43565], [24.73971, 59.43568], [24.73979, 59.43578], [24.73975, 59.43584]]]}, "properties": {"name": "Alexander Nevsky Cathedral", "city": "Tallinn", "country": "Estonia", "cc": "EE", "wikis": 41, "rank": 2, "osm": "Q568214", "h": 48.0}}, {"type": "Feature", "geometry": {"type": "Polygon", "coordinates": [[[24.74336, 59.43582], [24.74339, 59.43583], [24.7434, 59.43589], [24.74333, 59.43596], [24.74322, 59.43598], [24.74324, 59.43604], [24.74281, 59.43605], [24.74282, 59.43608], [24.74232, 59.43613], [24.74226, 59.436], [24.74222, 59.436], [24.74218, 59.43585], [24.74223, 59.43585], [24.74221, 59.43569], [24.74246, 59.43567], [24.74251, 59.43579], [24.74317, 59.43574], [24.74328, 59.43576], [24.74336, 59.43582]]]}, "properties": {"name": "St. Nicholas' Church", "city": "Tallinn", "country": "Estonia", "cc": "EE", "wikis": 36, "rank": 3, "osm": "Q613788", "h": 0}}, {"type": "Feature", "geometry": {"type": "Polygon", "coordinates": [[[31.14427, -26.32052], [31.14413, -26.3205], [31.14412, -26.32068], [31.14435, -26.32072], [31.14436, -26.32068], [31.14445, -26.3207], [31.14447, -26.3206], [31.14426, -26.32057], [31.14427, -26.32052]]]}, "properties": {"name": "Indingilizi Gallery", "city": "Lobamba", "country": "Eswatini", "cc": "SZ", "wikis": 5, "rank": 3, "osm": "Q1960512", "h": 0}}, {"type": "Feature", "geometry": {"type": "Polygon", "coordinates": [[[38.76174, 9.03811], [38.76195, 9.03813], [38.76197, 9.03793], [38.76176, 9.03791], [38.76174, 9.03811]]]}, "properties": {"name": "National Museum of Ethiopia", "city": "Addis Ababa", "country": "Ethiopia", "cc": "ET", "wikis": 22, "rank": 2, "osm": "Q2652168", "h": 0}}, {"type": "Feature", "geometry": {"type": "Polygon", "coordinates": [[[38.7512, 9.03686], [38.75128, 9.03694], [38.7514, 9.03694], [38.75149, 9.03686], [38.75149, 9.03674], [38.7514, 9.03666], [38.75129, 9.03666], [38.7512, 9.03674], [38.7512, 9.03686]]]}, "properties": {"name": "St. George's Cathedral", "city": "Addis Ababa", "country": "Ethiopia", "cc": "ET", "wikis": 20, "rank": 3, "osm": "Q641447", "h": 0}}, {"type": "Feature", "geometry": {"type": "Polygon", "coordinates": [[[178.42557, -18.14958], [178.42551, -18.14963], [178.42554, -18.14966], [178.42541, -18.14976], [178.42553, -18.14988], [178.42562, -18.1498], [178.42582, -18.15001], [178.42593, -18.14992], [178.42576, -18.14975], [178.42569, -18.14981], [178.42565, -18.14977], [178.4258, -18.14964], [178.42582, -18.14966], [178.42588, -18.14962], [178.42585, -18.14959], [178.42597, -18.14949], [178.4258, -18.14932], [178.42554, -18.14955], [178.42557, -18.14958]]]}, "properties": {"name": "Fiji Museum", "city": "Suva", "country": "Fiji", "cc": "FJ", "wikis": 13, "rank": 2, "osm": "Q2652153", "h": 0}}, {"type": "Feature", "geometry": {"type": "Polygon", "coordinates": [[[24.98464, 60.14371], [24.98482, 60.1436], [24.98469, 60.14355], [24.98453, 60.14367], [24.98464, 60.14371]]]}, "properties": {"name": "Suomenlinna", "city": "Helsinki", "country": "Finland", "cc": "FI", "wikis": 54, "rank": 1, "osm": "Q131699205", "h": 0}}, {"type": "Feature", "geometry": {"type": "Polygon", "coordinates": [[[24.95192, 60.17065], [24.95239, 60.17066], [24.95239, 60.17054], [24.95248, 60.17054], [24.95248, 60.1705], [24.95272, 60.17051], [24.95275, 60.17028], [24.95251, 60.17027], [24.95251, 60.17023], [24.95242, 60.17022], [24.95244, 60.17011], [24.95197, 60.1701], [24.95197, 60.17022], [24.95188, 60.17022], [24.95187, 60.17026], [24.95164, 60.17025], [24.95163, 60.17036], [24.95162, 60.17048], [24.95185, 60.17048], [24.95185, 60.17052], [24.95194, 60.17053], [24.95192, 60.17065]]]}, "properties": {"name": "Helsinki Cathedral", "city": "Helsinki", "country": "Finland", "cc": "FI", "wikis": 51, "rank": 2, "osm": "Q738015", "h": 59.0}}, {"type": "Feature", "geometry": {"type": "Polygon", "coordinates": [[[24.94477, 60.16982], [24.94446, 60.16979], [24.94429, 60.16981], [24.94376, 60.16977], [24.94341, 60.16978], [24.94335, 60.17023], [24.94386, 60.17024], [24.94398, 60.17027], [24.94474, 60.17027], [24.94477, 60.16982]]]}, "properties": {"name": "Ateneum", "city": "Helsinki", "country": "Finland", "cc": "FI", "wikis": 31, "rank": 3, "osm": "Q754507", "h": 10.5}}, {"type": "Feature", "geometry": {"type": "Polygon", "coordinates": [[[2.29428, 48.85762], [2.29451, 48.85748], [2.29474, 48.85763], [2.29465, 48.85772], [2.29467, 48.85779], [2.29475, 48.85792], [2.29488, 48.85803], [2.2952, 48.85816], [2.29533, 48.85817], [2.29546, 48.85812], [2.29569, 48.85827], [2.29546, 48.85842], [2.29531, 48.85837], [2.29511, 48.8584], [2.29493, 48.85847], [2.29471, 48.85864], [2.29466, 48.85873], [2.29464, 48.8588], [2.2947, 48.85884], [2.29468, 48.85885], [2.29472, 48.8589], [2.29448, 48.85905], [2.29426, 48.85889], [2.29433, 48.85882], [2.29432, 48.85873], [2.29421, 48.85858], [2.2941, 48.85849], [2.29378, 48.85837], [2.29365, 48.85836], [2.29354, 48.8584], [2.29331, 48.85825], [2.29354, 48.8581], [2.29373, 48.85815], [2.29398, 48.85809], [2.29414, 48.858], [2.29428, 48.85788], [2.29433, 48.85779], [2.29435, 48.85771], [2.29428, 48.85762]]]}, "properties": {"name": "Eiffel Tower", "city": "Paris", "country": "France", "cc": "FR", "wikis": 191, "rank": 1, "osm": "Q243", "h": 330.0}}, {"type": "Feature", "geometry": {"type": "Polygon", "coordinates": [[[2.3357, 48.86122], [2.33618, 48.86111], [2.336, 48.8608], [2.33553, 48.86092], [2.3357, 48.86122]]]}, "properties": {"name": "Louvre Museum", "city": "Paris", "country": "France", "cc": "FR", "wikis": 169, "rank": 2, "osm": "Q13397", "h": 21.6}}, {"type": "Feature", "geometry": {"type": "Polygon", "coordinates": [[[2.34911, 48.85304], [2.34907, 48.85302], [2.34905, 48.85307], [2.34898, 48.85305], [2.349, 48.85308], [2.34896, 48.8531], [2.3492, 48.85342], [2.34928, 48.85345], [2.3493, 48.85344], [2.34928, 48.85341], [2.34931, 48.8534], [2.34935, 48.85343], [2.34939, 48.85338], [2.34941, 48.85341], [2.34944, 48.8534], [2.34942, 48.85336], [2.34951, 48.85338], [2.35065, 48.85303], [2.35076, 48.85294], [2.35074, 48.85293], [2.35078, 48.8529], [2.35078, 48.85281], [2.35074, 48.85273], [2.35056, 48.85262], [2.35036, 48.85262], [2.3502, 48.85267], [2.35023, 48.85264], [2.35018, 48.85258], [2.35026, 48.85255], [2.3502, 48.85247], [2.35013, 48.85249], [2.35008, 48.85242], [2.34995, 48.85247], [2.35001, 48.85253], [2.34995, 48.85255], [2.34992, 48.85252], [2.3499, 48.85256], [2.34981, 48.85259], [2.3499, 48.85271], [2.34998, 48.85269], [2.35001, 48.85273], [2.3497, 48.85281], [2.34971, 48.85283], [2.34965, 48.85285], [2.34956, 48.85285], [2.34949, 48.8529], [2.3492, 48.85298], [2.34922, 48.85302], [2.34917, 48.85303], [2.34913, 48.853], [2.34911, 48.85304]]]}, "properties": {"name": "Notre-Dame de Paris", "city": "Paris", "country": "France", "cc": "FR", "wikis": 125, "rank": 3, "osm": "Q2981", "h": 10.5}}, {"type": "Feature", "geometry": {"type": "Polygon", "coordinates": [[[9.41913, 0.43843], [9.41914, 0.43921], [9.41919, 0.43968], [9.41919, 0.4398], [9.41915, 0.43988], [9.41886, 0.43994], [9.41833, 0.43999], [9.41777, 0.44001], [9.41913, 0.43843]]]}, "properties": {"name": "Centre International des Civilisations Bantu", "city": "Libreville", "country": "Gabon", "cc": "GA", "wikis": 4, "rank": 1, "osm": "Q2848287", "h": 0}}, {"type": "Feature", "geometry": {"type": "Polygon", "coordinates": [[[9.43606, 0.40277], [9.43628, 0.40258], [9.43651, 0.40284], [9.43653, 0.40296], [9.4365, 0.40303], [9.43635, 0.40306], [9.43606, 0.40277]]]}, "properties": {"name": "Libreville Notre-Dame-de-l'Assomption Cathedral", "city": "Libreville", "country": "Gabon", "cc": "GA", "wikis": 4, "rank": 2, "osm": "Q11466397", "h": 0}}, {"type": "Feature", "geometry": {"type": "Polygon", "coordinates": [[[44.73323, 41.8381], [44.73321, 41.83825], [44.73329, 41.83852], [44.73335, 41.83852], [44.73341, 41.8386], [44.73348, 41.83862], [44.73383, 41.83863], [44.73387, 41.83859], [44.73383, 41.83833], [44.73367, 41.83823], [44.73369, 41.83808], [44.73325, 41.83804], [44.73323, 41.8381]]]}, "properties": {"name": "Jvari", "city": "Tbilisi", "country": "Georgia", "cc": "GE", "wikis": 37, "rank": 1, "osm": "Q1262226", "h": 0}}, {"type": "Feature", "geometry": {"type": "Polygon", "coordinates": [[[44.81625, 41.6974], [44.81625, 41.69736], [44.81647, 41.69736], [44.81647, 41.69731], [44.81653, 41.69731], [44.81656, 41.69726], [44.81665, 41.69726], [44.81669, 41.69731], [44.81674, 41.69731], [44.81674, 41.69734], [44.81684, 41.69734], [44.81684, 41.6974], [44.81689, 41.6974], [44.81689, 41.69748], [44.81694, 41.69751], [44.81694, 41.69758], [44.81689, 41.69762], [44.8169, 41.6977], [44.81685, 41.6977], [44.81686, 41.69776], [44.81677, 41.69776], [44.81677, 41.69779], [44.8167, 41.69779], [44.8167, 41.69783], [44.81667, 41.69784], [44.81654, 41.69783], [44.81654, 41.69779], [44.81647, 41.69779], [44.81647, 41.69775], [44.81625, 41.69776], [44.81622, 41.69766], [44.81612, 41.69766], [44.81611, 41.69762], [44.81612, 41.69745], [44.81621, 41.69745], [44.81621, 41.6974], [44.81625, 41.6974]]]}, "properties": {"name": "Holy Trinity Cathedral of Tbilisi", "city": "Tbilisi", "country": "Georgia", "cc": "GE", "wikis": 36, "rank": 2, "osm": "Q36996", "h": 87.0}}, {"type": "Feature", "geometry": {"type": "Polygon", "coordinates": [[[44.79741, 41.69957], [44.7972, 41.69974], [44.79753, 41.69999], [44.79767, 41.69991], [44.79778, 41.69995], [44.7978, 41.69992], [44.79816, 41.70011], [44.79817, 41.70014], [44.798, 41.70028], [44.79815, 41.70038], [44.7983, 41.70026], [44.79834, 41.70029], [44.79845, 41.7002], [44.7984, 41.70017], [44.79865, 41.69993], [44.7986, 41.6999], [44.79864, 41.69986], [44.79845, 41.69974], [44.79841, 41.69977], [44.79819, 41.69962], [44.79813, 41.69967], [44.79802, 41.69961], [44.79771, 41.69931], [44.79752, 41.69948], [44.79746, 41.69944], [44.79734, 41.69953], [44.79741, 41.69957]]]}, "properties": {"name": "Rustaveli Theatre", "city": "Tbilisi", "country": "Georgia", "cc": "GE", "wikis": 35, "rank": 3, "osm": "Q1860439", "h": 0}}, {"type": "Feature", "geometry": {"type": "Polygon", "coordinates": [[[13.37776, 52.51643], [13.37783, 52.51613], [13.37764, 52.51612], [13.37758, 52.51642], [13.37776, 52.51643]]]}, "properties": {"name": "Brandenburg Gate", "city": "Berlin", "country": "Germany", "cc": "DE", "wikis": 86, "rank": 1, "osm": "Q82425", "h": 26.0}}, {"type": "Feature", "geometry": {"type": "Polygon", "coordinates": [[[13.37675, 52.51846], [13.37687, 52.51847], [13.37687, 52.51872], [13.37675, 52.51872], [13.37674, 52.51877], [13.37674, 52.51902], [13.3768, 52.51905], [13.3768, 52.51916], [13.37676, 52.51916], [13.37676, 52.51919], [13.37654, 52.51921], [13.3765, 52.51918], [13.37572, 52.51918], [13.37568, 52.51921], [13.3755, 52.51921], [13.37542, 52.51917], [13.37542, 52.51905], [13.37547, 52.51903], [13.37547, 52.51877], [13.37544, 52.51877], [13.37544, 52.51874], [13.37534, 52.51874], [13.37533, 52.51845], [13.37543, 52.51845], [13.37543, 52.51842], [13.37546, 52.51842], [13.37546, 52.51817], [13.37545, 52.51814], [13.37541, 52.51814], [13.37541, 52.51803], [13.37549, 52.51801], [13.37549, 52.51798], [13.37567, 52.51798], [13.37571, 52.51801], [13.37648, 52.51801], [13.37652, 52.51798], [13.37671, 52.51798], [13.37679, 52.51802], [13.37679, 52.51814], [13.37673, 52.51816], [13.37675, 52.51846]]]}, "properties": {"name": "Reichstag", "city": "Berlin", "country": "Germany", "cc": "DE", "wikis": 75, "rank": 2, "osm": "Q151897", "h": 48.0}}, {"type": "Feature", "geometry": {"type": "Polygon", "coordinates": [[[13.39813, 52.51872], [13.39768, 52.51929], [13.39744, 52.51952], [13.39657, 52.51999], [13.39496, 52.52117], [13.39488, 52.52119], [13.39368, 52.52204], [13.39369, 52.52208], [13.39359, 52.52213], [13.39361, 52.52218], [13.39377, 52.52217], [13.39383, 52.5222], [13.3946, 52.52208], [13.39608, 52.52192], [13.39664, 52.52175], [13.39775, 52.52153], [13.39867, 52.5213], [13.39984, 52.52041], [13.39907, 52.52007], [13.40078, 52.51842], [13.40071, 52.51835], [13.39948, 52.51788], [13.39885, 52.5178], [13.39813, 52.51872]]]}, "properties": {"name": "Pergamon Museum", "city": "Berlin", "country": "Germany", "cc": "DE", "wikis": 61, "rank": 3, "osm": "Q151963", "h": 0}}, {"type": "Feature", "geometry": {"type": "Polygon", "coordinates": [[[-0.19176, 5.54869], [-0.19178, 5.54865], [-0.19226, 5.54865], [-0.19261, 5.54842], [-0.19278, 5.54838], [-0.19298, 5.54838], [-0.19332, 5.54846], [-0.19373, 5.54826], [-0.19335, 5.5462], [-0.19142, 5.54657], [-0.19176, 5.54869]]]}, "properties": {"name": "Black Star Square", "city": "Accra", "country": "Ghana", "cc": "GH", "wikis": 17, "rank": 3, "osm": "Q4921908", "h": 0}}, {"type": "Feature", "geometry": {"type": "Polygon", "coordinates": [[[23.72698, 37.97172], [23.72617, 37.97158], [23.72626, 37.97128], [23.72706, 37.97143], [23.72698, 37.97172]]]}, "properties": {"name": "Parthenon", "city": "Athens", "country": "Greece", "cc": "GR", "wikis": 136, "rank": 1, "osm": "Q10288", "h": 0}}, {"type": "Feature", "geometry": {"type": "Polygon", "coordinates": [[[23.72489, 37.97191], [23.72472, 37.97189], [23.72473, 37.97177], [23.72457, 37.97176], [23.72458, 37.97174], [23.72452, 37.97172], [23.72454, 37.97165], [23.7246, 37.97166], [23.72462, 37.97159], [23.72456, 37.97158], [23.72457, 37.97152], [23.72484, 37.97156], [23.72483, 37.97147], [23.72505, 37.97145], [23.7263, 37.97112], [23.72652, 37.97109], [23.72665, 37.97111], [23.72666, 37.97108], [23.7268, 37.97112], [23.72706, 37.97112], [23.72706, 37.97115], [23.72719, 37.97116], [23.7272, 37.97112], [23.72723, 37.97112], [23.72722, 37.97116], [23.72727, 37.97117], [23.72735, 37.97118], [23.72739, 37.97115], [23.72739, 37.97118], [23.72749, 37.97119], [23.7275, 37.97116], [23.72759, 37.9712], [23.72774, 37.97119], [23.72774, 37.97122], [23.72781, 37.97122], [23.72782, 37.97119], [23.72785, 37.97123], [23.72792, 37.97123], [23.72792, 37.9712], [23.72797, 37.9712], [23.72796, 37.97124], [23.72815, 37.97126], [23.72816, 37.97122], [23.72821, 37.97122], [23.7282, 37.97127], [23.72834, 37.97129], [23.72802, 37.97183], [23.72807, 37.97185], [23.72805, 37.97189], [23.728, 37.97187], [23.72767, 37.97193], [23.72754, 37.972], [23.72748, 37.97207], [23.72733, 37.97206], [23.7272, 37.97209], [23.72701, 37.97218], [23.72692, 37.97229], [23.72647, 37.97224], [23.72636, 37.97233], [23.72559, 37.97226], [23.72557, 37.97218], [23.72522, 37.97208], [23.7252, 37.97211], [23.72515, 37.97209], [23.72517, 37.97206], [23.72513, 37.97204], [23.72492, 37.97198], [23.72493, 37.97193], [23.72488, 37.97193], [23.72489, 37.97191]]]}, "properties": {"name": "Acropolis of Athens", "city": "Athens", "country": "Greece", "cc": "GR", "wikis": 97, "rank": 2, "osm": "Q131013", "h": 0}}, {"type": "Feature", "geometry": {"type": "Polygon", "coordinates": [[[-61.75225, 12.05353], [-61.75223, 12.05331], [-61.75199, 12.05332], [-61.75199, 12.05336], [-61.75195, 12.05336], [-61.75199, 12.05355], [-61.75225, 12.05353]]]}, "properties": {"name": "Roman Catholic Diocese of Saint George's in Grenada", "city": "St. George's", "country": "Grenada", "cc": "GD", "wikis": 12, "rank": 1, "osm": "Q23831971", "h": 0}}, {"type": "Feature", "geometry": {"type": "Polygon", "coordinates": [[[-90.54856, 14.63157], [-90.54854, 14.63148], [-90.54849, 14.6315], [-90.54851, 14.63158], [-90.54856, 14.63157]]]}, "properties": {"name": "Kaminaljuyu", "city": "Guatemala City", "country": "Guatemala", "cc": "GT", "wikis": 21, "rank": 1, "osm": "Q1081581", "h": 0}}, {"type": "Feature", "geometry": {"type": "Polygon", "coordinates": [[[-13.6844, 9.53365], [-13.68407, 9.53371], [-13.68406, 9.53367], [-13.68395, 9.5337], [-13.68392, 9.53355], [-13.68384, 9.53356], [-13.6838, 9.53337], [-13.68373, 9.53339], [-13.68367, 9.53305], [-13.68375, 9.53304], [-13.68371, 9.53286], [-13.68381, 9.53284], [-13.68378, 9.53269], [-13.68388, 9.53268], [-13.68386, 9.53261], [-13.68421, 9.53255], [-13.68422, 9.53261], [-13.68431, 9.53259], [-13.68434, 9.53274], [-13.68441, 9.53273], [-13.68444, 9.53292], [-13.68451, 9.5329], [-13.68457, 9.53323], [-13.6845, 9.53324], [-13.68453, 9.53342], [-13.68443, 9.53344], [-13.68446, 9.53358], [-13.68439, 9.53359], [-13.6844, 9.53365]]]}, "properties": {"name": "Grand Mosque of Conakry", "city": "Conakry", "country": "Guinea", "cc": "GN", "wikis": 16, "rank": 2, "osm": "Q254925", "h": 0}}, {"type": "Feature", "geometry": {"type": "Polygon", "coordinates": [[[-15.58134, 11.85999], [-15.58117, 11.86012], [-15.58119, 11.86015], [-15.58113, 11.86019], [-15.58108, 11.86014], [-15.58103, 11.86016], [-15.581, 11.86013], [-15.58103, 11.86007], [-15.581, 11.86002], [-15.58106, 11.85998], [-15.58108, 11.86], [-15.58125, 11.85988], [-15.58134, 11.85999]]]}, "properties": {"name": "The Cathedral of Bissau", "city": "Bissau", "country": "Guinea-Bissau", "cc": "GW", "wikis": 15, "rank": 1, "osm": "Q10280205", "h": 0}}, {"type": "Feature", "geometry": {"type": "Polygon", "coordinates": [[[-58.16226, 6.80768], [-58.16232, 6.8074], [-58.16195, 6.8073], [-58.16196, 6.80724], [-58.1618, 6.8072], [-58.16178, 6.80728], [-58.16173, 6.8073], [-58.16169, 6.80746], [-58.16172, 6.80749], [-58.16171, 6.80754], [-58.16226, 6.80768]]]}, "properties": {"name": "Roman Catholic Diocese of Georgetown", "city": "Georgetown", "country": "Guyana", "cc": "GY", "wikis": 13, "rank": 1, "osm": "Q4256289", "h": 0}}, {"type": "Feature", "geometry": {"type": "Polygon", "coordinates": [[[-72.33881, 18.5429], [-72.339, 18.54294], [-72.33892, 18.54325], [-72.33911, 18.54329], [-72.33918, 18.54301], [-72.33931, 18.54304], [-72.33921, 18.54344], [-72.33868, 18.54337], [-72.33869, 18.54333], [-72.3384, 18.54327], [-72.3385, 18.54286], [-72.33864, 18.54289], [-72.33857, 18.54318], [-72.33873, 18.54321], [-72.33881, 18.5429]]]}, "properties": {"name": "National Palace", "city": "Port-au-Prince", "country": "Haiti", "cc": "HT", "wikis": 21, "rank": 1, "osm": "Q509638", "h": 0}}, {"type": "Feature", "geometry": {"type": "Polygon", "coordinates": [[[-72.33899, 18.54925], [-72.33861, 18.54917], [-72.33859, 18.54924], [-72.33838, 18.5492], [-72.33841, 18.54905], [-72.33833, 18.54903], [-72.3383, 18.54899], [-72.33832, 18.54893], [-72.33844, 18.54893], [-72.33847, 18.5488], [-72.33868, 18.54884], [-72.33867, 18.54892], [-72.33905, 18.549], [-72.33899, 18.54925]]]}, "properties": {"name": "Cathedral of Our Lady of the Assumption", "city": "Port-au-Prince", "country": "Haiti", "cc": "HT", "wikis": 18, "rank": 2, "osm": "Q1461247", "h": 0}}, {"type": "Feature", "geometry": {"type": "Polygon", "coordinates": [[[-72.34244, 18.5468], [-72.34213, 18.54673], [-72.34219, 18.5465], [-72.3425, 18.54657], [-72.34249, 18.54662], [-72.34254, 18.54663], [-72.3425, 18.54677], [-72.34245, 18.54676], [-72.34244, 18.5468]]]}, "properties": {"name": "National Library of Haiti", "city": "Port-au-Prince", "country": "Haiti", "cc": "HT", "wikis": 12, "rank": 3, "osm": "Q15116319", "h": 0}}, {"type": "Feature", "geometry": {"type": "Polygon", "coordinates": [[[-87.2033, 14.10509], [-87.20282, 14.10507], [-87.20284, 14.10467], [-87.20331, 14.10467], [-87.2033, 14.10509]]]}, "properties": {"name": "Juan Ramón Molina National Library", "city": "Tegucigalpa", "country": "Honduras", "cc": "HN", "wikis": 13, "rank": 2, "osm": "Q6974150", "h": 0}}, {"type": "Feature", "geometry": {"type": "Polygon", "coordinates": [[[19.04673, 47.50714], [19.04668, 47.50688], [19.04661, 47.50689], [19.04658, 47.50667], [19.04637, 47.50669], [19.04638, 47.50675], [19.04594, 47.50678], [19.04594, 47.50674], [19.04588, 47.50675], [19.04578, 47.50615], [19.04591, 47.50614], [19.04587, 47.50593], [19.04554, 47.50596], [19.04554, 47.5059], [19.04534, 47.50592], [19.04535, 47.50597], [19.04502, 47.50599], [19.04505, 47.50621], [19.04518, 47.5062], [19.04529, 47.50689], [19.0451, 47.5069], [19.04518, 47.50736], [19.04537, 47.50734], [19.04548, 47.50803], [19.04536, 47.50804], [19.04539, 47.50826], [19.04572, 47.50823], [19.04573, 47.50829], [19.04593, 47.50827], [19.04592, 47.50822], [19.04625, 47.50819], [19.04621, 47.50798], [19.04608, 47.50799], [19.04598, 47.50739], [19.04604, 47.50739], [19.04604, 47.50735], [19.04648, 47.50732], [19.04649, 47.50738], [19.04669, 47.50736], [19.04665, 47.50715], [19.04673, 47.50714]]]}, "properties": {"name": "Hungarian Parliament Building", "city": "Budapest", "country": "Hungary", "cc": "HU", "wikis": 57, "rank": 1, "osm": "Q11819", "h": 0}}, {"type": "Feature", "geometry": {"type": "Polygon", "coordinates": [[[19.04011, 47.49602], [19.04026, 47.49611], [19.0408, 47.49569], [19.04059, 47.49556], [19.04109, 47.49517], [19.04102, 47.49513], [19.04125, 47.49495], [19.04106, 47.49483], [19.04082, 47.49502], [19.0406, 47.49489], [19.04031, 47.49512], [19.03955, 47.49467], [19.0392, 47.49494], [19.03916, 47.49492], [19.03888, 47.49514], [19.03892, 47.49516], [19.03858, 47.4954], [19.03935, 47.49587], [19.03905, 47.4961], [19.03938, 47.4963], [19.03867, 47.49684], [19.03834, 47.49664], [19.03787, 47.49698], [19.03839, 47.49731], [19.03894, 47.49688], [19.03912, 47.49699], [19.03964, 47.49658], [19.0395, 47.4965], [19.0397, 47.49634], [19.03974, 47.49636], [19.03995, 47.49621], [19.0399, 47.49618], [19.04011, 47.49602]]]}, "properties": {"name": "Buda Castle", "city": "Budapest", "country": "Hungary", "cc": "HU", "wikis": 47, "rank": 2, "osm": "Q46313", "h": 10.5}}, {"type": "Feature", "geometry": {"type": "Polygon", "coordinates": [[[19.04666, 47.49943], [19.04652, 47.4994], [19.04651, 47.49944], [19.04605, 47.49937], [19.04504, 47.49918], [19.04506, 47.49914], [19.045, 47.49909], [19.0449, 47.49915], [19.04246, 47.49868], [19.04247, 47.49864], [19.04242, 47.49859], [19.04233, 47.49861], [19.04232, 47.49865], [19.04114, 47.49842], [19.04089, 47.49832], [19.04082, 47.49833], [19.04083, 47.4984], [19.04073, 47.49854], [19.04076, 47.49858], [19.041, 47.49854], [19.04226, 47.49878], [19.04225, 47.49882], [19.0423, 47.49887], [19.04238, 47.49885], [19.0424, 47.49881], [19.04485, 47.49928], [19.04483, 47.49933], [19.04489, 47.49937], [19.04497, 47.49935], [19.04499, 47.49931], [19.04599, 47.4995], [19.04644, 47.4996], [19.04642, 47.49964], [19.04656, 47.49966], [19.04666, 47.49943]]]}, "properties": {"name": "Széchenyi Chain Bridge", "city": "Budapest", "country": "Hungary", "cc": "HU", "wikis": 46, "rank": 3, "osm": "Q465534", "h": 0}}, {"type": "Feature", "geometry": {"type": "Polygon", "coordinates": [[[-21.92716, 64.14196], [-21.927, 64.14197], [-21.92683, 64.14205], [-21.92656, 64.14212], [-21.92643, 64.14202], [-21.92669, 64.14195], [-21.92624, 64.14164], [-21.92627, 64.14162], [-21.92621, 64.14159], [-21.92619, 64.14154], [-21.92631, 64.14147], [-21.92645, 64.14148], [-21.92665, 64.14157], [-21.92704, 64.14186], [-21.9273, 64.14179], [-21.92743, 64.14189], [-21.92716, 64.14196]]]}, "properties": {"name": "Hallgrímskirkja", "city": "Reykjavík", "country": "Iceland", "cc": "IS", "wikis": 43, "rank": 1, "osm": "Q271466", "h": 0}}, {"type": "Feature", "geometry": {"type": "Polygon", "coordinates": [[[-21.93922, 64.14936], [-21.93775, 64.14904], [-21.93736, 64.14896], [-21.93613, 64.14869], [-21.93591, 64.14864], [-21.93482, 64.14839], [-21.93473, 64.14837], [-21.93469, 64.14836], [-21.93457, 64.14833], [-21.93922, 64.14936]]]}, "properties": {"name": "Icelandic Phallological Museum", "city": "Reykjavík", "country": "Iceland", "cc": "IS", "wikis": 41, "rank": 2, "osm": "Q16424996", "h": 0}}, {"type": "Feature", "geometry": {"type": "Polygon", "coordinates": [[[-21.94862, 64.14175], [-21.94864, 64.14167], [-21.9485, 64.14162], [-21.94831, 64.14164], [-21.94821, 64.14172], [-21.9481, 64.1417], [-21.94798, 64.1418], [-21.94809, 64.14183], [-21.94784, 64.14205], [-21.94774, 64.14202], [-21.94761, 64.14213], [-21.94793, 64.14223], [-21.94795, 64.14224], [-21.94792, 64.14227], [-21.94795, 64.1423], [-21.94807, 64.14231], [-21.94828, 64.14217], [-21.94816, 64.14214], [-21.94862, 64.14175]]]}, "properties": {"name": "National Museum of Iceland", "city": "Reykjavík", "country": "Iceland", "cc": "IS", "wikis": 25, "rank": 3, "osm": "Q626963", "h": 16.0}}, {"type": "Feature", "geometry": {"type": "Polygon", "coordinates": [[[77.23983, 28.65598], [77.23982, 28.65574], [77.23883, 28.65578], [77.23884, 28.65603], [77.23983, 28.65598]]]}, "properties": {"name": "Red Fort", "city": "New Delhi", "country": "India", "cc": "IN", "wikis": 75, "rank": 1, "osm": "Q16208863", "h": 0}}, {"type": "Feature", "geometry": {"type": "Polygon", "coordinates": [[[77.25013, 28.59371], [77.25114, 28.59373], [77.25116, 28.59286], [77.25016, 28.59284], [77.25013, 28.59371]]]}, "properties": {"name": "Humayun's Tomb", "city": "New Delhi", "country": "India", "cc": "IN", "wikis": 69, "rank": 2, "osm": "Q486188", "h": 3.0}}, {"type": "Feature", "geometry": {"type": "Polygon", "coordinates": [[[77.23283, 28.65117], [77.23335, 28.6512], [77.23334, 28.65123], [77.23341, 28.65124], [77.2335, 28.65124], [77.2335, 28.6512], [77.23401, 28.65123], [77.23404, 28.65084], [77.23409, 28.65085], [77.23411, 28.65063], [77.23406, 28.65062], [77.23409, 28.6502], [77.23357, 28.65017], [77.23358, 28.65015], [77.23349, 28.65014], [77.23342, 28.65016], [77.23291, 28.65013], [77.2329, 28.65031], [77.23287, 28.65031], [77.23283, 28.65117]]]}, "properties": {"name": "Jama Masjid, Delhi", "city": "New Delhi", "country": "India", "cc": "IN", "wikis": 60, "rank": 3, "osm": "Q233678", "h": 0}}, {"type": "Feature", "geometry": {"type": "Polygon", "coordinates": [[[106.83214, -6.17054], [106.83148, -6.17128], [106.83154, -6.17134], [106.8314, -6.1715], [106.83127, -6.17139], [106.83131, -6.17135], [106.83093, -6.17101], [106.83089, -6.17106], [106.83076, -6.17096], [106.83081, -6.1709], [106.83026, -6.17042], [106.83036, -6.17031], [106.83038, -6.17033], [106.83047, -6.17011], [106.83035, -6.17006], [106.83037, -6.17002], [106.83027, -6.16998], [106.83031, -6.16987], [106.83037, -6.1699], [106.83067, -6.1692], [106.83071, -6.16922], [106.83074, -6.16914], [106.83082, -6.16918], [106.83088, -6.16903], [106.83111, -6.16912], [106.83102, -6.16933], [106.83149, -6.16953], [106.83146, -6.16958], [106.83156, -6.16962], [106.83152, -6.16972], [106.83147, -6.1697], [106.83138, -6.16989], [106.83153, -6.16998], [106.8316, -6.16991], [106.8318, -6.17009], [106.83173, -6.17017], [106.83214, -6.17054]]]}, "properties": {"name": "Istiqlal Mosque", "city": "Jakarta", "country": "Indonesia", "cc": "ID", "wikis": 41, "rank": 1, "osm": "Q475379", "h": 3.5}}, {"type": "Feature", "geometry": {"type": "Polygon", "coordinates": [[[106.82682, -6.17499], [106.82676, -6.17504], [106.8268, -6.17508], [106.82679, -6.17572], [106.82675, -6.17575], [106.82677, -6.17579], [106.82681, -6.17581], [106.82684, -6.17577], [106.82746, -6.17577], [106.82751, -6.17582], [106.82754, -6.1758], [106.82757, -6.17577], [106.82753, -6.17574], [106.82755, -6.17509], [106.82759, -6.17505], [106.82754, -6.175], [106.8275, -6.17504], [106.82708, -6.17504], [106.82686, -6.17503], [106.82682, -6.17499]]]}, "properties": {"name": "National Monument of Indonesia", "city": "Jakarta", "country": "Indonesia", "cc": "ID", "wikis": 32, "rank": 2, "osm": "Q145151", "h": 0}}, {"type": "Feature", "geometry": {"type": "Polygon", "coordinates": [[[106.82088, -6.17597], [106.8211, -6.1756], [106.8217, -6.17563], [106.8217, -6.17558], [106.82233, -6.17561], [106.82231, -6.176], [106.82227, -6.176], [106.82226, -6.17607], [106.82226, -6.17614], [106.82231, -6.17614], [106.82228, -6.17671], [106.82131, -6.17667], [106.82131, -6.17663], [106.82119, -6.17663], [106.8212, -6.17633], [106.82099, -6.17632], [106.82101, -6.17613], [106.82088, -6.17613], [106.82088, -6.17597]]]}, "properties": {"name": "National Museum of Indonesia", "city": "Jakarta", "country": "Indonesia", "cc": "ID", "wikis": 32, "rank": 3, "osm": "Q1467125", "h": 0}}, {"type": "Feature", "geometry": {"type": "MultiPolygon", "coordinates": [[[[51.41402, 35.69917], [51.41433, 35.69916], [51.41433, 35.69906], [51.41401, 35.69907], [51.41402, 35.69917]]], [[[51.41434, 35.69843], [51.41438, 35.69888], [51.41425, 35.69888], [51.41425, 35.69882], [51.41411, 35.69883], [51.41411, 35.69889], [51.41401, 35.6989], [51.414, 35.69882], [51.41383, 35.69884], [51.41382, 35.6987], [51.41374, 35.69869], [51.41373, 35.69864], [51.41397, 35.6986], [51.41396, 35.69845], [51.41434, 35.69843]]]]}, "properties": {"name": "Tehran Conference", "city": "Tehran", "country": "Iran", "cc": "IR", "wikis": 71, "rank": 1, "osm": "Q109932629", "h": 0}}, {"type": "Feature", "geometry": {"type": "Polygon", "coordinates": [[[51.41937, 35.67938], [51.41968, 35.67929], [51.42001, 35.67898], [51.42009, 35.67895], [51.42011, 35.67899], [51.42038, 35.679], [51.42042, 35.67907], [51.42088, 35.67904], [51.42103, 35.67889], [51.42149, 35.67879], [51.42154, 35.67843], [51.422, 35.6784], [51.42193, 35.67913], [51.4222, 35.67911], [51.42225, 35.67978], [51.42199, 35.67977], [51.42197, 35.68044], [51.42133, 35.68045], [51.42133, 35.68053], [51.42103, 35.68052], [51.42103, 35.68057], [51.41991, 35.6805], [51.41989, 35.68036], [51.41911, 35.68043], [51.41894, 35.67943], [51.41937, 35.67938]]]}, "properties": {"name": "Golestan Palace", "city": "Tehran", "country": "Iran", "cc": "IR", "wikis": 59, "rank": 2, "osm": "Q210610", "h": 0}}, {"type": "Feature", "geometry": {"type": "Polygon", "coordinates": [[[51.3753, 35.7443], [51.37545, 35.74432], [51.37563, 35.74442], [51.37575, 35.74458], [51.37577, 35.74475], [51.37573, 35.74487], [51.37559, 35.74501], [51.37546, 35.74508], [51.37525, 35.74511], [51.37503, 35.74506], [51.37491, 35.74498], [51.3748, 35.74483], [51.37478, 35.74465], [51.37482, 35.74453], [51.3749, 35.74443], [51.37508, 35.74433], [51.3753, 35.7443]]]}, "properties": {"name": "Milad Tower", "city": "Tehran", "country": "Iran", "cc": "IR", "wikis": 51, "rank": 3, "osm": "Q622796", "h": 435.0}}, {"type": "Feature", "geometry": {"type": "Polygon", "coordinates": [[[44.38325, 33.34304], [44.38349, 33.34333], [44.38372, 33.34319], [44.38374, 33.34316], [44.38372, 33.34312], [44.3839, 33.34301], [44.38384, 33.34293], [44.38377, 33.34297], [44.38364, 33.34281], [44.38325, 33.34304]]]}, "properties": {"name": "House of Wisdom", "city": "Baghdad", "country": "Iraq", "cc": "IQ", "wikis": 56, "rank": 1, "osm": "Q20669819", "h": 0}}, {"type": "Feature", "geometry": {"type": "Polygon", "coordinates": [[[44.38533, 33.32785], [44.38527, 33.32768], [44.38452, 33.32786], [44.38455, 33.32795], [44.38451, 33.32796], [44.38468, 33.32847], [44.38473, 33.32845], [44.38476, 33.32855], [44.38471, 33.32856], [44.38481, 33.32885], [44.38486, 33.32884], [44.38488, 33.32892], [44.38484, 33.32893], [44.38496, 33.32932], [44.38502, 33.32931], [44.38505, 33.32943], [44.38501, 33.32943], [44.38508, 33.32963], [44.38528, 33.32958], [44.38522, 33.32939], [44.38571, 33.32928], [44.38575, 33.32941], [44.3854, 33.32949], [44.38545, 33.32963], [44.38589, 33.32952], [44.38562, 33.32876], [44.386, 33.32867], [44.3862, 33.32928], [44.38591, 33.32935], [44.38595, 33.32946], [44.38632, 33.32938], [44.38621, 33.32904], [44.38683, 33.32889], [44.38666, 33.32842], [44.38703, 33.32833], [44.38699, 33.32822], [44.38662, 33.32831], [44.38661, 33.32828], [44.38646, 33.32831], [44.38663, 33.32882], [44.3863, 33.3289], [44.38618, 33.32854], [44.3856, 33.32867], [44.38537, 33.32796], [44.38551, 33.32793], [44.38563, 33.32796], [44.38566, 33.32791], [44.38572, 33.3279], [44.3857, 33.32785], [44.38575, 33.32776], [44.38556, 33.32769], [44.38551, 33.32777], [44.38545, 33.32778], [44.38546, 33.32782], [44.38533, 33.32785]]]}, "properties": {"name": "National Museum of Iraq", "city": "Baghdad", "country": "Iraq", "cc": "IQ", "wikis": 36, "rank": 3, "osm": "Q521251", "h": 0}}, {"type": "Feature", "geometry": {"type": "Polygon", "coordinates": [[[-6.26887, 53.34333], [-6.26794, 53.34358], [-6.26762, 53.34364], [-6.26752, 53.34363], [-6.26735, 53.34369], [-6.26706, 53.34373], [-6.26688, 53.34374], [-6.26687, 53.34371], [-6.26604, 53.34387], [-6.26502, 53.34383], [-6.26501, 53.34338], [-6.26508, 53.34338], [-6.26506, 53.34302], [-6.26534, 53.34277], [-6.26544, 53.34257], [-6.2655, 53.34253], [-6.26566, 53.34255], [-6.26579, 53.34219], [-6.26606, 53.34196], [-6.26621, 53.34191], [-6.26677, 53.34182], [-6.26678, 53.34184], [-6.26701, 53.34176], [-6.26714, 53.34169], [-6.26703, 53.34161], [-6.26706, 53.34155], [-6.26731, 53.34143], [-6.26807, 53.34201], [-6.26804, 53.34202], [-6.26828, 53.34223], [-6.26847, 53.34253], [-6.26857, 53.34252], [-6.26887, 53.34333]]]}, "properties": {"name": "Dublin Castle", "city": "Dublin", "country": "Ireland", "cc": "IE", "wikis": 39, "rank": 1, "osm": "Q742767", "h": 0}}, {"type": "Feature", "geometry": {"type": "Polygon", "coordinates": [[[-6.27126, 53.33944], [-6.27127, 53.33934], [-6.27161, 53.33934], [-6.27161, 53.33944], [-6.27186, 53.33945], [-6.27195, 53.33943], [-6.27195, 53.33937], [-6.27204, 53.33937], [-6.27203, 53.33945], [-6.27216, 53.33945], [-6.27212, 53.33975], [-6.27195, 53.33975], [-6.27195, 53.33966], [-6.27182, 53.33965], [-6.27182, 53.33968], [-6.27159, 53.33965], [-6.27158, 53.33975], [-6.27125, 53.33975], [-6.27125, 53.33964], [-6.27092, 53.33964], [-6.27092, 53.33959], [-6.2708, 53.33959], [-6.2708, 53.33949], [-6.27093, 53.33949], [-6.27093, 53.33944], [-6.27126, 53.33944]]]}, "properties": {"name": "St Patrick's Cathedral", "city": "Dublin", "country": "Ireland", "cc": "IE", "wikis": 34, "rank": 2, "osm": "Q846365", "h": 0}}, {"type": "Feature", "geometry": {"type": "Polygon", "coordinates": [[[-6.25487, 53.34136], [-6.25467, 53.34132], [-6.25472, 53.34122], [-6.25422, 53.34113], [-6.25417, 53.34121], [-6.25397, 53.34118], [-6.25408, 53.34092], [-6.25415, 53.34089], [-6.25432, 53.34093], [-6.25429, 53.34099], [-6.25434, 53.341], [-6.25446, 53.34094], [-6.25461, 53.34094], [-6.25473, 53.34101], [-6.25474, 53.34108], [-6.25479, 53.34108], [-6.25483, 53.34101], [-6.25504, 53.34105], [-6.25487, 53.34136]]]}, "properties": {"name": "National Library of Ireland", "city": "Dublin", "country": "Ireland", "cc": "IE", "wikis": 33, "rank": 3, "osm": "Q1672830", "h": 0}}, {"type": "Feature", "geometry": {"type": "Polygon", "coordinates": [[[35.23526, 31.7765], [35.23584, 31.77659], [35.23593, 31.7761], [35.23598, 31.7761], [35.23599, 31.77605], [35.23603, 31.77605], [35.23602, 31.77598], [35.23622, 31.77599], [35.23624, 31.77591], [35.235, 31.77572], [35.23496, 31.7759], [35.23537, 31.77596], [35.23526, 31.7765]]]}, "properties": {"name": "Al-Aqsa Mosque", "city": "Jerusalem", "country": "Israel", "cc": "IL", "wikis": 103, "rank": 1, "osm": "Q12192963", "h": 20.0}}, {"type": "Feature", "geometry": {"type": "Polygon", "coordinates": [[[35.23504, 31.77819], [35.23505, 31.7782], [35.23505, 31.77821], [35.23504, 31.77822], [35.23503, 31.77822], [35.23502, 31.77821], [35.23502, 31.7782], [35.23503, 31.77819], [35.23504, 31.77819]]]}, "properties": {"name": "Dome of the Rock", "city": "Jerusalem", "country": "Israel", "cc": "IL", "wikis": 87, "rank": 2, "osm": "Q3408723", "h": 0}}, {"type": "Feature", "geometry": {"type": "Polygon", "coordinates": [[[35.23411, 31.7769], [35.23436, 31.77695], [35.23431, 31.77719], [35.23416, 31.77717], [35.23418, 31.77705], [35.23408, 31.77703], [35.23411, 31.7769]]]}, "properties": {"name": "Western Wall", "city": "Jerusalem", "country": "Israel", "cc": "IL", "wikis": 84, "rank": 3, "osm": "Q8022908", "h": 0}}, {"type": "Feature", "geometry": {"type": "Polygon", "coordinates": [[[12.49342, 41.89007], [12.4934, 41.88996], [12.49343, 41.88996], [12.49345, 41.89011], [12.49341, 41.89026], [12.49324, 41.89053], [12.49296, 41.89073], [12.49255, 41.89088], [12.49206, 41.89091], [12.4918, 41.89087], [12.49149, 41.89074], [12.4913, 41.89058], [12.4914, 41.89054], [12.49135, 41.89046], [12.4914, 41.89044], [12.49136, 41.89025], [12.4914, 41.8901], [12.49147, 41.88999], [12.49176, 41.88977], [12.49205, 41.88966], [12.4924, 41.88961], [12.4928, 41.88964], [12.49311, 41.88978], [12.49325, 41.88996], [12.49327, 41.89009], [12.49342, 41.89007]]]}, "properties": {"name": "Colosseum", "city": "Rome", "country": "Italy", "cc": "IT", "wikis": 148, "rank": 1, "osm": "Q10285", "h": 0}}, {"type": "Feature", "geometry": {"type": "Polygon", "coordinates": [[[12.47655, 41.8984], [12.47656, 41.89824], [12.47715, 41.89827], [12.47713, 41.89842], [12.47717, 41.89847], [12.47718, 41.89858], [12.47715, 41.89867], [12.47704, 41.89877], [12.47702, 41.89901], [12.47658, 41.89899], [12.4766, 41.89875], [12.4765, 41.89864], [12.47648, 41.89856], [12.47655, 41.8984]]]}, "properties": {"name": "Pantheon", "city": "Rome", "country": "Italy", "cc": "IT", "wikis": 81, "rank": 2, "osm": "Q99309", "h": 0}}, {"type": "Feature", "geometry": {"type": "Polygon", "coordinates": [[[12.48541, 41.89247], [12.48584, 41.89227], [12.48568, 41.89203], [12.48562, 41.89201], [12.48501, 41.89223], [12.48504, 41.8923], [12.485, 41.89232], [12.48495, 41.89225], [12.48446, 41.8924], [12.48452, 41.89251], [12.48466, 41.89246], [12.48483, 41.89271], [12.48541, 41.89247]]]}, "properties": {"name": "Roman Forum", "city": "Rome", "country": "Italy", "cc": "IT", "wikis": 72, "rank": 3, "osm": "Q180212", "h": 0}}, {"type": "Feature", "geometry": {"type": "Polygon", "coordinates": [[[-5.29776, 6.81126], [-5.29761, 6.81116], [-5.29767, 6.81107], [-5.29754, 6.81099], [-5.29762, 6.81086], [-5.29754, 6.81082], [-5.29765, 6.81063], [-5.2972, 6.81035], [-5.29708, 6.81055], [-5.29698, 6.81049], [-5.2969, 6.81062], [-5.29678, 6.81055], [-5.29671, 6.81067], [-5.29656, 6.81058], [-5.29629, 6.81102], [-5.29644, 6.81111], [-5.29638, 6.8112], [-5.2965, 6.81127], [-5.29643, 6.81139], [-5.29652, 6.81145], [-5.29621, 6.81194], [-5.29668, 6.81222], [-5.29699, 6.81171], [-5.29707, 6.81176], [-5.29715, 6.81164], [-5.29727, 6.81171], [-5.29732, 6.81162], [-5.29748, 6.81171], [-5.29776, 6.81126]]]}, "properties": {"name": "Basilica of Our Lady of Peace of Yamoussoukro", "city": "Yamoussoukro", "country": "Ivory Coast", "cc": "CI", "wikis": 47, "rank": 1, "osm": "Q815584", "h": 35.0}}, {"type": "Feature", "geometry": {"type": "Polygon", "coordinates": [[[-76.77983, 18.01973], [-76.77988, 18.01983], [-76.77968, 18.01992], [-76.77965, 18.01981], [-76.77971, 18.01978], [-76.77969, 18.01974], [-76.77973, 18.01972], [-76.77975, 18.01976], [-76.77983, 18.01973]]]}, "properties": {"name": "Bob Marley Museum", "city": "Kingston", "country": "Jamaica", "cc": "JM", "wikis": 12, "rank": 1, "osm": "Q650517", "h": 7.0}}, {"type": "Feature", "geometry": {"type": "Polygon", "coordinates": [[[139.74593, 35.65857], [139.74523, 35.65895], [139.74495, 35.65861], [139.74545, 35.65833], [139.74544, 35.65827], [139.74561, 35.65818], [139.74593, 35.65857]]]}, "properties": {"name": "Tokyo Tower", "city": "Tokyo", "country": "Japan", "cc": "JP", "wikis": 69, "rank": 1, "osm": "Q183536", "h": 333.0}}, {"type": "Feature", "geometry": {"type": "Polygon", "coordinates": [[[139.7454, 35.67803], [139.74385, 35.67775], [139.74334, 35.67775], [139.74327, 35.67781], [139.74328, 35.67914], [139.74336, 35.67921], [139.74487, 35.6795], [139.74496, 35.67947], [139.74524, 35.67865], [139.7454, 35.67803]]]}, "properties": {"name": "National Diet Library", "city": "Tokyo", "country": "Japan", "cc": "JP", "wikis": 68, "rank": 2, "osm": "Q477675", "h": 0}}, {"type": "Feature", "geometry": {"type": "Polygon", "coordinates": [[[139.77678, 35.71696], [139.77348, 35.71858], [139.77343, 35.71864], [139.77379, 35.71898], [139.77444, 35.7197], [139.77504, 35.72056], [139.77552, 35.72116], [139.77558, 35.72117], [139.77629, 35.72078], [139.77642, 35.72043], [139.77798, 35.71952], [139.77806, 35.71935], [139.7782, 35.71927], [139.77821, 35.71923], [139.77738, 35.71801], [139.77728, 35.71771], [139.77719, 35.71755], [139.77678, 35.71696]]]}, "properties": {"name": "Tokyo National Museum", "city": "Tokyo", "country": "Japan", "cc": "JP", "wikis": 52, "rank": 3, "osm": "Q653433", "h": 0}}, {"type": "Feature", "geometry": {"type": "Polygon", "coordinates": [[[35.72453, 32.03889], [35.72383, 32.03906], [35.72323, 32.03944], [35.7225, 32.04033], [35.72273, 32.04047], [35.72324, 32.03987], [35.72346, 32.04001], [35.72362, 32.03992], [35.72373, 32.04], [35.72357, 32.04035], [35.72364, 32.04059], [35.724, 32.04044], [35.72425, 32.04027], [35.7245, 32.04018], [35.72543, 32.04022], [35.726, 32.04013], [35.72635, 32.04019], [35.72658, 32.04032], [35.72672, 32.04047], [35.72681, 32.04082], [35.72683, 32.04148], [35.72687, 32.0415], [35.72717, 32.04128], [35.72724, 32.04158], [35.72786, 32.04155], [35.72788, 32.04168], [35.72783, 32.04187], [35.72767, 32.04214], [35.72828, 32.04258], [35.72853, 32.04241], [35.72872, 32.04219], [35.72893, 32.04168], [35.72931, 32.03972], [35.72945, 32.03972], [35.72943, 32.03907], [35.72929, 32.03804], [35.72951, 32.03709], [35.72974, 32.03665], [35.72956, 32.03658], [35.72998, 32.03623], [35.72915, 32.03522], [35.72927, 32.03502], [35.72912, 32.03495], [35.72864, 32.03492], [35.72828, 32.03484], [35.72794, 32.03484], [35.72794, 32.03523], [35.72809, 32.03525], [35.72804, 32.03543], [35.72787, 32.03561], [35.72799, 32.03571], [35.72804, 32.03582], [35.7278, 32.03584], [35.72771, 32.03594], [35.72761, 32.03594], [35.72758, 32.03643], [35.72749, 32.0367], [35.72735, 32.0367], [35.72732, 32.03689], [35.72702, 32.03734], [35.72669, 32.03714], [35.7267, 32.03705], [35.72654, 32.03702], [35.72646, 32.03723], [35.72624, 32.0375], [35.72603, 32.0377], [35.72582, 32.03783], [35.72523, 32.03781], [35.72473, 32.03772], [35.72444, 32.03777], [35.72396, 32.03798], [35.72405, 32.03819], [35.72414, 32.03816], [35.72418, 32.03826], [35.72438, 32.03823], [35.7244, 32.03831], [35.72445, 32.0383], [35.72447, 32.03843], [35.72429, 32.03847], [35.72453, 32.03889]]]}, "properties": {"name": "Salt", "city": "Amman", "country": "Jordan", "cc": "JO", "wikis": 52, "rank": 1, "osm": "Q867586", "h": 0}}, {"type": "Feature", "geometry": {"type": "Polygon", "coordinates": [[[35.91265, 31.96147], [35.91231, 31.96108], [35.91235, 31.96094], [35.91243, 31.96091], [35.91255, 31.9608], [35.91285, 31.96084], [35.91312, 31.96069], [35.91319, 31.9607], [35.91319, 31.96073], [35.91309, 31.96076], [35.91308, 31.96081], [35.91315, 31.96091], [35.91333, 31.9609], [35.91327, 31.961], [35.91336, 31.961], [35.91338, 31.96104], [35.91333, 31.96126], [35.91338, 31.96135], [35.91337, 31.96146], [35.91309, 31.96145], [35.91291, 31.96155], [35.91271, 31.96152], [35.91272, 31.96149], [35.91265, 31.96147]]]}, "properties": {"name": "King Abdullah I Mosque", "city": "Amman", "country": "Jordan", "cc": "JO", "wikis": 29, "rank": 2, "osm": "Q1574587", "h": 7.0}}, {"type": "Feature", "geometry": {"type": "Polygon", "coordinates": [[[35.9765, 31.98833], [35.97647, 31.98848], [35.97641, 31.98855], [35.97623, 31.98861], [35.97609, 31.98851], [35.97623, 31.98837], [35.97637, 31.98832], [35.9765, 31.98833]]]}, "properties": {"name": "Ayn Ghazal", "city": "Amman", "country": "Jordan", "cc": "JO", "wikis": 25, "rank": 3, "osm": "Q423625", "h": 0}}, {"type": "Feature", "geometry": {"type": "Polygon", "coordinates": [[[71.41592, 51.12711], [71.41643, 51.12672], [71.41601, 51.1265], [71.41606, 51.12646], [71.41597, 51.12642], [71.41587, 51.1265], [71.41551, 51.12631], [71.41545, 51.12636], [71.41538, 51.12632], [71.41531, 51.12637], [71.41539, 51.1264], [71.41524, 51.12651], [71.41517, 51.12648], [71.4151, 51.12653], [71.41517, 51.12656], [71.41511, 51.12661], [71.41546, 51.1268], [71.41536, 51.12687], [71.41544, 51.12692], [71.41549, 51.12688], [71.41592, 51.12711]]]}, "properties": {"name": "Nur-Astana Mosque", "city": "Astana", "country": "Kazakhstan", "cc": "KZ", "wikis": 30, "rank": 1, "osm": "Q1813417", "h": 24.5}}, {"type": "Feature", "geometry": {"type": "Polygon", "coordinates": [[[71.44672, 51.12529], [71.44587, 51.12542], [71.44595, 51.12563], [71.44607, 51.12561], [71.4461, 51.12569], [71.44601, 51.12572], [71.44594, 51.12583], [71.44604, 51.12594], [71.4462, 51.12597], [71.44625, 51.12608], [71.44614, 51.12609], [71.44623, 51.12631], [71.44707, 51.12618], [71.44698, 51.12596], [71.44683, 51.12599], [71.44664, 51.12553], [71.4468, 51.1255], [71.44672, 51.12529]]]}, "properties": {"name": "Ak Orda Presidential Palace", "city": "Astana", "country": "Kazakhstan", "cc": "KZ", "wikis": 29, "rank": 2, "osm": "Q413579", "h": 86.0}}, {"type": "Feature", "geometry": {"type": "Polygon", "coordinates": [[[71.43046, 51.12836], [71.43057, 51.12832], [71.43054, 51.12823], [71.43045, 51.12821], [71.43034, 51.12826], [71.43037, 51.12834], [71.43046, 51.12836]]]}, "properties": {"name": "Bayterek", "city": "Astana", "country": "Kazakhstan", "cc": "KZ", "wikis": 29, "rank": 3, "osm": "Q804210", "h": 94.5}}, {"type": "Feature", "geometry": {"type": "Polygon", "coordinates": [[[36.82033, -1.28727], [36.8206, -1.28714], [36.82056, -1.28706], [36.82075, -1.28697], [36.82079, -1.28705], [36.82095, -1.28699], [36.82102, -1.28713], [36.82087, -1.28723], [36.82091, -1.28732], [36.82075, -1.2874], [36.82071, -1.28731], [36.82042, -1.28745], [36.82032, -1.2873], [36.82033, -1.28727]]]}, "properties": {"name": "Cathedral Basilica of the Holy Family", "city": "Nairobi", "country": "Kenya", "cc": "KE", "wikis": 16, "rank": 2, "osm": "Q4451415", "h": 18.3}}, {"type": "Feature", "geometry": {"type": "Polygon", "coordinates": [[[36.71245, -1.35185], [36.71261, -1.35188], [36.71257, -1.35209], [36.71242, -1.35206], [36.71245, -1.35185]]]}, "properties": {"name": "Karen Blixen Museum", "city": "Nairobi", "country": "Kenya", "cc": "KE", "wikis": 15, "rank": 3, "osm": "Q367631", "h": 0}}, {"type": "Feature", "geometry": {"type": "Polygon", "coordinates": [[[12.59371, 55.6841], [12.59303, 55.68428], [12.59271, 55.6839], [12.59339, 55.68372], [12.59371, 55.6841]]]}, "properties": {"name": "Amalienborg", "city": "Copenhagen", "country": "Kingdom of Denmark", "cc": "DK", "wikis": 44, "rank": 2, "osm": "Q11957655", "h": 0}}, {"type": "Feature", "geometry": {"type": "Polygon", "coordinates": [[[12.58309, 55.67391], [12.58301, 55.67388], [12.58292, 55.67386], [12.58187, 55.67347], [12.58178, 55.67344], [12.58309, 55.67391]]]}, "properties": {"name": "Royal Danish Library", "city": "Copenhagen", "country": "Kingdom of Denmark", "cc": "DK", "wikis": 42, "rank": 3, "osm": "Q27972736", "h": 0}}, {"type": "Feature", "geometry": {"type": "MultiPolygon", "coordinates": [[[[4.88099, 52.35786], [4.88103, 52.35796], [4.88111, 52.35803], [4.88135, 52.35813], [4.8816, 52.35814], [4.8817, 52.35809], [4.88173, 52.35804], [4.8817, 52.35794], [4.88164, 52.35788], [4.88136, 52.35776], [4.88109, 52.35776], [4.88102, 52.3578], [4.88099, 52.35786]]], [[[4.88153, 52.35837], [4.88149, 52.35836], [4.88153, 52.3583], [4.88104, 52.35808], [4.88107, 52.35812], [4.88095, 52.35809], [4.88084, 52.35824], [4.88078, 52.35822], [4.88056, 52.35852], [4.88099, 52.35866], [4.88104, 52.35859], [4.88124, 52.35865], [4.88153, 52.35837]]]]}, "properties": {"name": "Van Gogh Museum", "city": "Amsterdam", "country": "Kingdom of the Netherlands", "cc": "NL", "wikis": 60, "rank": 1, "osm": "Q224124", "h": 0}}, {"type": "Feature", "geometry": {"type": "Polygon", "coordinates": [[[4.89105, 52.37387], [4.89113, 52.3739], [4.89108, 52.37394], [4.89111, 52.37394], [4.8911, 52.37396], [4.89139, 52.374], [4.89134, 52.37408], [4.89152, 52.37412], [4.89149, 52.37417], [4.8917, 52.37421], [4.89217, 52.37423], [4.89217, 52.37419], [4.89237, 52.37414], [4.89244, 52.37404], [4.89244, 52.37394], [4.89235, 52.37392], [4.89237, 52.37388], [4.89217, 52.37384], [4.89219, 52.3738], [4.89194, 52.37376], [4.89197, 52.37369], [4.89185, 52.37364], [4.89173, 52.37366], [4.89175, 52.37367], [4.89173, 52.3737], [4.89156, 52.37365], [4.89153, 52.37366], [4.89155, 52.37367], [4.89151, 52.37374], [4.89125, 52.37367], [4.89121, 52.37373], [4.89113, 52.37372], [4.8911, 52.37377], [4.89118, 52.37379], [4.89115, 52.37383], [4.89107, 52.37383], [4.89105, 52.37387]]]}, "properties": {"name": "Defence Line of Amsterdam", "city": "Amsterdam", "country": "Kingdom of the Netherlands", "cc": "NL", "wikis": 39, "rank": 2, "osm": "Q1419675", "h": 7.0}}, {"type": "Feature", "geometry": {"type": "Polygon", "coordinates": [[[4.87961, 52.35624], [4.87966, 52.35618], [4.87955, 52.35615], [4.87964, 52.35614], [4.87898, 52.35597], [4.87876, 52.3558], [4.87857, 52.3559], [4.87866, 52.35592], [4.87868, 52.35596], [4.8786, 52.35601], [4.87862, 52.35604], [4.87855, 52.35605], [4.87844, 52.35615], [4.87847, 52.35625], [4.87843, 52.35631], [4.87867, 52.35637], [4.87863, 52.35643], [4.87873, 52.35647], [4.87935, 52.35662], [4.87945, 52.35647], [4.87951, 52.35648], [4.87961, 52.35634], [4.87955, 52.35633], [4.87961, 52.35624]]]}, "properties": {"name": "Concertgebouw", "city": "Amsterdam", "country": "Kingdom of the Netherlands", "cc": "NL", "wikis": 38, "rank": 3, "osm": "Q849957", "h": 0}}, {"type": "Feature", "geometry": {"type": "Polygon", "coordinates": [[[173.12061, 1.36578], [173.12063, 1.36565], [173.12084, 1.36567], [173.12082, 1.36581], [173.12061, 1.36578]]]}, "properties": {"name": "Te Umanibong", "city": "South Tarawa", "country": "Kiribati", "cc": "KI", "wikis": 11, "rank": 1, "osm": "Q2398223", "h": 0}}, {"type": "Feature", "geometry": {"type": "Polygon", "coordinates": [[[173.00731, 1.33255], [173.00723, 1.33284], [173.00708, 1.3328], [173.00715, 1.33252], [173.00711, 1.33251], [173.00713, 1.33244], [173.00717, 1.33245], [173.0072, 1.3324], [173.00724, 1.3324], [173.00726, 1.33234], [173.00731, 1.33235], [173.00729, 1.33242], [173.00732, 1.33244], [173.00732, 1.33251], [173.00736, 1.33252], [173.00735, 1.33256], [173.00731, 1.33255]]]}, "properties": {"name": "Sacred Heart Cathedral", "city": "South Tarawa", "country": "Kiribati", "cc": "KI", "wikis": 8, "rank": 2, "osm": "Q2942914", "h": 0}}, {"type": "Feature", "geometry": {"type": "Polygon", "coordinates": [[[47.99345, 29.37956], [47.99335, 29.37904], [47.99274, 29.37912], [47.99284, 29.37964], [47.99345, 29.37956]]]}, "properties": {"name": "Al Hamra Tower", "city": "Kuwait City", "country": "Kuwait", "cc": "KW", "wikis": 38, "rank": 1, "osm": "Q557933", "h": 413.0}}, {"type": "Feature", "geometry": {"type": "Polygon", "coordinates": [[[48.00259, 29.3896], [48.00252, 29.38981], [48.00254, 29.39002], [48.00263, 29.39023], [48.0028, 29.39039], [48.00302, 29.3905], [48.00327, 29.39054], [48.00352, 29.39051], [48.00375, 29.39041], [48.00393, 29.39024], [48.00403, 29.39004], [48.00405, 29.38982], [48.00399, 29.3896], [48.00385, 29.38941], [48.00364, 29.38928], [48.00341, 29.38921], [48.00316, 29.38921], [48.00292, 29.38928], [48.00272, 29.38942], [48.00259, 29.3896]]]}, "properties": {"name": "Kuwait Towers", "city": "Kuwait City", "country": "Kuwait", "cc": "KW", "wikis": 36, "rank": 2, "osm": "Q1335640", "h": 0}}, {"type": "Feature", "geometry": {"type": "Polygon", "coordinates": [[[74.60348, 42.8775], [74.60413, 42.87746], [74.60418, 42.87795], [74.60352, 42.87798], [74.60348, 42.8775]]]}, "properties": {"name": "Ala-Too Square", "city": "Bishkek", "country": "Kyrgyzstan", "cc": "KG", "wikis": 20, "rank": 1, "osm": "Q4221185", "h": 35.0}}, {"type": "Feature", "geometry": {"type": "Polygon", "coordinates": [[[74.61047, 42.88183], [74.61113, 42.88183], [74.61113, 42.8809], [74.61047, 42.8809], [74.61047, 42.88183]]]}, "properties": {"name": "National Library of the Kyrgyz Republic", "city": "Bishkek", "country": "Kyrgyzstan", "cc": "KG", "wikis": 12, "rank": 2, "osm": "Q6974182", "h": 10.5}}, {"type": "Feature", "geometry": {"type": "Polygon", "coordinates": [[[102.76734, 17.91173], [102.7668, 17.91093], [102.76428, 17.91245], [102.76428, 17.91252], [102.76469, 17.91327], [102.76632, 17.9124], [102.76734, 17.91173]]]}, "properties": {"name": "Buddha Park", "city": "Vientiane", "country": "Laos", "cc": "LA", "wikis": 21, "rank": 3, "osm": "Q655853", "h": 0}}, {"type": "Feature", "geometry": {"type": "Polygon", "coordinates": [[[24.10467, 56.94891], [24.1052, 56.94887], [24.10525, 56.94894], [24.10545, 56.94893], [24.10547, 56.94898], [24.10553, 56.94899], [24.10556, 56.94903], [24.1055, 56.94907], [24.10551, 56.94909], [24.10529, 56.94911], [24.10534, 56.94916], [24.10533, 56.94922], [24.10455, 56.94933], [24.10444, 56.94934], [24.10443, 56.94931], [24.10421, 56.94933], [24.10408, 56.949], [24.10467, 56.94891]]]}, "properties": {"name": "Riga Cathedral", "city": "Riga", "country": "Latvia", "cc": "LV", "wikis": 42, "rank": 1, "osm": "Q1133059", "h": 35.0}}, {"type": "Feature", "geometry": {"type": "Polygon", "coordinates": [[[24.09797, 56.94064], [24.0964, 56.94157], [24.09631, 56.94172], [24.09608, 56.94161], [24.09591, 56.9417], [24.09547, 56.94147], [24.09662, 56.94081], [24.09678, 56.94077], [24.09683, 56.94074], [24.09678, 56.94072], [24.09742, 56.94035], [24.09797, 56.94064]]]}, "properties": {"name": "National Library of Latvia", "city": "Riga", "country": "Latvia", "cc": "LV", "wikis": 41, "rank": 2, "osm": "Q4189920", "h": 45.5}}, {"type": "Feature", "geometry": {"type": "Polygon", "coordinates": [[[24.11362, 56.95154], [24.11359, 56.95147], [24.11353, 56.95143], [24.11334, 56.9514], [24.11326, 56.95135], [24.11307, 56.95144], [24.11315, 56.95149], [24.11314, 56.95154], [24.1132, 56.95161], [24.11333, 56.95166], [24.11358, 56.95161], [24.11362, 56.95154]]]}, "properties": {"name": "Freedom Monument", "city": "Riga", "country": "Latvia", "cc": "LV", "wikis": 41, "rank": 3, "osm": "Q337179", "h": 0.3}}, {"type": "Feature", "geometry": {"type": "Polygon", "coordinates": [[[35.51501, 33.87793], [35.51524, 33.87807], [35.51517, 33.87814], [35.51522, 33.87818], [35.51513, 33.87828], [35.51516, 33.8783], [35.51502, 33.87844], [35.51499, 33.87842], [35.5149, 33.87852], [35.51485, 33.87848], [35.51478, 33.87855], [35.51456, 33.8784], [35.51501, 33.87793]]]}, "properties": {"name": "National Museum of Beirut", "city": "Beirut", "country": "Lebanon", "cc": "LB", "wikis": 25, "rank": 3, "osm": "Q2915627", "h": 0}}, {"type": "Feature", "geometry": {"type": "Polygon", "coordinates": [[[-10.80392, 6.3165], [-10.80409, 6.31655], [-10.80391, 6.31705], [-10.80383, 6.31708], [-10.80373, 6.31705], [-10.80375, 6.31698], [-10.8037, 6.31696], [-10.80382, 6.31661], [-10.80388, 6.31663], [-10.80392, 6.3165]]]}, "properties": {"name": "Liberian National Museum", "city": "Monrovia", "country": "Liberia", "cc": "LR", "wikis": 5, "rank": 1, "osm": "Q1053549", "h": 0}}, {"type": "Feature", "geometry": {"type": "Polygon", "coordinates": [[[-10.80284, 6.3175], [-10.80255, 6.31739], [-10.80258, 6.3173], [-10.80226, 6.31718], [-10.80238, 6.31686], [-10.803, 6.31708], [-10.80284, 6.3175]]]}, "properties": {"name": "Edward J. Roye Building", "city": "Monrovia", "country": "Liberia", "cc": "LR", "wikis": 3, "rank": 2, "osm": "Q1292649", "h": 0}}, {"type": "Feature", "geometry": {"type": "Polygon", "coordinates": [[[-10.80047, 6.3188], [-10.79988, 6.319], [-10.79974, 6.31909], [-10.79964, 6.3194], [-10.79969, 6.31955], [-10.80025, 6.31987], [-10.80081, 6.31989], [-10.80144, 6.3202], [-10.80159, 6.32024], [-10.80178, 6.3202], [-10.80186, 6.32012], [-10.80257, 6.32025], [-10.80283, 6.32039], [-10.80295, 6.32059], [-10.80321, 6.32072], [-10.80363, 6.32078], [-10.80377, 6.32071], [-10.80381, 6.32057], [-10.80368, 6.32038], [-10.80335, 6.32011], [-10.8025, 6.31977], [-10.80208, 6.31968], [-10.80131, 6.31908], [-10.8008, 6.31882], [-10.80047, 6.3188]]]}, "properties": {"name": "Gabriel Tucker Bridge", "city": "Monrovia", "country": "Liberia", "cc": "LR", "wikis": 3, "rank": 3, "osm": "Q27459317", "h": 0}}, {"type": "Feature", "geometry": {"type": "Polygon", "coordinates": [[[13.18114, 32.89408], [13.18106, 32.89416], [13.18134, 32.89439], [13.18145, 32.8943], [13.18138, 32.89422], [13.18132, 32.89427], [13.18114, 32.89408]]]}, "properties": {"name": "Martyrs' Square", "city": "Tripoli", "country": "Libya", "cc": "LY", "wikis": 21, "rank": 1, "osm": "Q136554383", "h": 14.0}}, {"type": "Feature", "geometry": {"type": "Polygon", "coordinates": [[[13.17562, 32.89955], [13.17543, 32.89941], [13.17529, 32.89954], [13.17548, 32.89968], [13.17562, 32.89955]]]}, "properties": {"name": "Gurgi Mosque", "city": "Tripoli", "country": "Libya", "cc": "LY", "wikis": 19, "rank": 2, "osm": "Q1555175", "h": 0}}, {"type": "Feature", "geometry": {"type": "Polygon", "coordinates": [[[13.18693, 32.89132], [13.18638, 32.89159], [13.18626, 32.89143], [13.18632, 32.89101], [13.18663, 32.89078], [13.18675, 32.89065], [13.18737, 32.89104], [13.18737, 32.89111], [13.18705, 32.89127], [13.18698, 32.89124], [13.18694, 32.89126], [13.18693, 32.89132]]]}, "properties": {"name": "Tripoli Cathedral", "city": "Tripoli", "country": "Libya", "cc": "LY", "wikis": 18, "rank": 3, "osm": "Q136558900", "h": 0}}, {"type": "Feature", "geometry": {"type": "Polygon", "coordinates": [[[9.52406, 47.1398], [9.52431, 47.13983], [9.52444, 47.13991], [9.5246, 47.1399], [9.52465, 47.13986], [9.5247, 47.13977], [9.52467, 47.1397], [9.52458, 47.13965], [9.52463, 47.13944], [9.52468, 47.13939], [9.52469, 47.1393], [9.52466, 47.13926], [9.5245, 47.13924], [9.52441, 47.13929], [9.5244, 47.13935], [9.52425, 47.13935], [9.52419, 47.13926], [9.52409, 47.13934], [9.52399, 47.13933], [9.52399, 47.1394], [9.52408, 47.1394], [9.52409, 47.13948], [9.52416, 47.13949], [9.52419, 47.13969], [9.52414, 47.1397], [9.52409, 47.13962], [9.52406, 47.13963], [9.52404, 47.13958], [9.524, 47.13958], [9.52406, 47.1398]]]}, "properties": {"name": "Vaduz Castle", "city": "Vaduz", "country": "Liechtenstein", "cc": "LI", "wikis": 40, "rank": 1, "osm": "Q694782", "h": 30.0}}, {"type": "Feature", "geometry": {"type": "Polygon", "coordinates": [[[24.9326, 54.65182], [24.93298, 54.6516], [24.93327, 54.6515], [24.93341, 54.6515], [24.93372, 54.65161], [24.93397, 54.65159], [24.93419, 54.65153], [24.93461, 54.65156], [24.93504, 54.65144], [24.9352, 54.65149], [24.93521, 54.65153], [24.93511, 54.65159], [24.93459, 54.65173], [24.93442, 54.65181], [24.93427, 54.65198], [24.93427, 54.65204], [24.93435, 54.65219], [24.93449, 54.65232], [24.93475, 54.65248], [24.93491, 54.65285], [24.93488, 54.65294], [24.93478, 54.65303], [24.93459, 54.6531], [24.93409, 54.65316], [24.93371, 54.65315], [24.93313, 54.65302], [24.93284, 54.6529], [24.93274, 54.65274], [24.9327, 54.65245], [24.93258, 54.65237], [24.9323, 54.65234], [24.9322, 54.65227], [24.93224, 54.65213], [24.93237, 54.65199], [24.9326, 54.65182]]]}, "properties": {"name": "Trakai Island Castle", "city": "Vilnius", "country": "Lithuania", "cc": "LT", "wikis": 36, "rank": 1, "osm": "Q16469674", "h": 0}}, {"type": "Feature", "geometry": {"type": "Polygon", "coordinates": [[[25.2881, 54.68612], [25.2881, 54.68616], [25.28836, 54.68616], [25.28837, 54.68562], [25.28811, 54.68562], [25.28811, 54.68566], [25.28737, 54.68566], [25.28737, 54.68574], [25.28723, 54.68574], [25.28723, 54.68603], [25.28737, 54.68603], [25.28737, 54.68612], [25.2881, 54.68612]]]}, "properties": {"name": "Vilnius Cathedral", "city": "Vilnius", "country": "Lithuania", "cc": "LT", "wikis": 35, "rank": 3, "osm": "Q1281237", "h": 20.0}}, {"type": "Feature", "geometry": {"type": "Polygon", "coordinates": [[[47.56207, -18.76054], [47.56212, -18.76057], [47.56209, -18.76062], [47.56232, -18.76067], [47.56251, -18.76066], [47.56256, -18.76047], [47.56237, -18.76025], [47.56228, -18.76021], [47.56217, -18.76034], [47.56207, -18.76054]]]}, "properties": {"name": "Ambohimanga", "city": "Antananarivo", "country": "Madagascar", "cc": "MG", "wikis": 45, "rank": 1, "osm": "Q458167", "h": 0}}, {"type": "Feature", "geometry": {"type": "Polygon", "coordinates": [[[47.53272, -18.9231], [47.53271, -18.92381], [47.53265, -18.92404], [47.53237, -18.92455], [47.53201, -18.92441], [47.53166, -18.92419], [47.53169, -18.92411], [47.53154, -18.92406], [47.53189, -18.92326], [47.53187, -18.92325], [47.53201, -18.92294], [47.53208, -18.92269], [47.53215, -18.92266], [47.53277, -18.92279], [47.53272, -18.9231]]]}, "properties": {"name": "Rova of Antananarivo", "city": "Antananarivo", "country": "Madagascar", "cc": "MG", "wikis": 21, "rank": 2, "osm": "Q1290337", "h": 0}}, {"type": "Feature", "geometry": {"type": "Polygon", "coordinates": [[[47.51702, -18.9158], [47.51639, -18.91509], [47.51706, -18.91456], [47.51772, -18.91525], [47.51702, -18.9158]]]}, "properties": {"name": "National Library of Madagascar", "city": "Antananarivo", "country": "Madagascar", "cc": "MG", "wikis": 14, "rank": 3, "osm": "Q6974158", "h": 0}}, {"type": "Feature", "geometry": {"type": "Polygon", "coordinates": [[[33.76236, -13.97958], [33.76252, -13.97942], [33.76264, -13.97957], [33.76246, -13.97974], [33.7625, -13.97985], [33.76237, -13.97986], [33.76225, -13.97974], [33.76227, -13.97969], [33.76225, -13.9797], [33.76221, -13.97964], [33.76227, -13.97958], [33.7623, -13.97961], [33.76236, -13.97958]]]}, "properties": {"name": "Maula Cathedral", "city": "Lilongwe", "country": "Malawi", "cc": "MW", "wikis": 4, "rank": 2, "osm": "Q23928773", "h": 0}}, {"type": "Feature", "geometry": {"type": "Polygon", "coordinates": [[[101.71187, 3.15859], [101.71205, 3.15846], [101.7121, 3.15845], [101.71214, 3.15849], [101.71219, 3.15845], [101.71224, 3.15847], [101.71227, 3.15842], [101.71233, 3.15843], [101.71234, 3.15836], [101.71239, 3.15832], [101.71237, 3.15829], [101.71242, 3.15825], [101.71238, 3.1582], [101.71239, 3.15814], [101.71235, 3.15812], [101.71235, 3.15806], [101.71229, 3.15805], [101.71227, 3.15801], [101.71221, 3.15802], [101.71217, 3.15797], [101.71213, 3.15801], [101.71207, 3.158], [101.71205, 3.15804], [101.71163, 3.15769], [101.71167, 3.15766], [101.71165, 3.15761], [101.71168, 3.15756], [101.71163, 3.15752], [101.71163, 3.15746], [101.71158, 3.15745], [101.71157, 3.15739], [101.71151, 3.1574], [101.7115, 3.15737], [101.71143, 3.15738], [101.71138, 3.15735], [101.71134, 3.1574], [101.71129, 3.15739], [101.71127, 3.15745], [101.71121, 3.15746], [101.71122, 3.15752], [101.71118, 3.15756], [101.7112, 3.1576], [101.71117, 3.15766], [101.71122, 3.15769], [101.71122, 3.15774], [101.71111, 3.15788], [101.7111, 3.15795], [101.71117, 3.15802], [101.71126, 3.15801], [101.71137, 3.15785], [101.71142, 3.15783], [101.71147, 3.15786], [101.71151, 3.15781], [101.71157, 3.15781], [101.71158, 3.15776], [101.71198, 3.1581], [101.71193, 3.15813], [101.71194, 3.15818], [101.7119, 3.15822], [101.71194, 3.15827], [101.71192, 3.15831], [101.71186, 3.15839], [101.71178, 3.15843], [101.71176, 3.15849], [101.71178, 3.15855], [101.71187, 3.15859]]]}, "properties": {"name": "Petronas Towers", "city": "Kuala Lumpur", "country": "Malaysia", "cc": "MY", "wikis": 88, "rank": 1, "osm": "Q83063", "h": 0}}, {"type": "Feature", "geometry": {"type": "Polygon", "coordinates": [[[101.68466, 3.23798], [101.6849, 3.2366], [101.68464, 3.23652], [101.68373, 3.23644], [101.68378, 3.23558], [101.68151, 3.23608], [101.68147, 3.23614], [101.68151, 3.23656], [101.68179, 3.23801], [101.68138, 3.23872], [101.68165, 3.23911], [101.68383, 3.2383], [101.68561, 3.23912], [101.6859, 3.23862], [101.68466, 3.23798]]]}, "properties": {"name": "Batu Caves", "city": "Kuala Lumpur", "country": "Malaysia", "cc": "MY", "wikis": 42, "rank": 2, "osm": "Q687629", "h": 0}}, {"type": "Feature", "geometry": {"type": "Polygon", "coordinates": [[[101.69123, 3.14182], [101.69127, 3.14191], [101.69119, 3.14194], [101.69145, 3.14257], [101.69178, 3.14243], [101.69194, 3.14281], [101.69205, 3.14277], [101.69198, 3.1426], [101.69226, 3.14248], [101.69233, 3.14266], [101.69245, 3.14261], [101.69228, 3.14221], [101.69239, 3.14216], [101.69225, 3.14181], [101.69214, 3.14156], [101.69203, 3.1416], [101.69199, 3.14149], [101.69222, 3.1414], [101.69218, 3.1413], [101.69196, 3.14139], [101.69186, 3.14113], [101.69173, 3.14118], [101.69193, 3.14164], [101.69139, 3.14186], [101.6912, 3.1414], [101.69109, 3.14145], [101.69119, 3.1417], [101.69091, 3.14181], [101.69095, 3.14192], [101.69123, 3.14182]]]}, "properties": {"name": "National Mosque of Malaysia", "city": "Kuala Lumpur", "country": "Malaysia", "cc": "MY", "wikis": 36, "rank": 3, "osm": "Q1356818", "h": 10.5}}, {"type": "Feature", "geometry": {"type": "Polygon", "coordinates": [[[73.51227, 4.17811], [73.51226, 4.17798], [73.51248, 4.17795], [73.51251, 4.17797], [73.51251, 4.1781], [73.51227, 4.17811]]]}, "properties": {"name": "Malé Friday Mosque", "city": "Malé", "country": "Maldives", "cc": "MV", "wikis": 17, "rank": 1, "osm": "Q4385992", "h": 0}}, {"type": "Feature", "geometry": {"type": "Polygon", "coordinates": [[[73.50977, 4.17703], [73.50964, 4.17666], [73.51057, 4.17645], [73.51065, 4.17695], [73.50977, 4.17703]]]}, "properties": {"name": "National Museum of Maldives", "city": "Malé", "country": "Maldives", "cc": "MV", "wikis": 13, "rank": 2, "osm": "Q4746421", "h": 0}}, {"type": "Feature", "geometry": {"type": "Polygon", "coordinates": [[[73.51025, 4.17818], [73.51043, 4.17849], [73.51041, 4.17851], [73.51045, 4.17858], [73.51047, 4.17856], [73.51066, 4.17887], [73.51073, 4.17883], [73.51075, 4.17887], [73.51082, 4.17882], [73.5108, 4.17879], [73.51087, 4.17875], [73.51078, 4.17861], [73.51083, 4.17858], [73.51081, 4.17854], [73.51086, 4.17851], [73.51066, 4.17818], [73.51062, 4.1782], [73.5106, 4.17816], [73.51054, 4.1782], [73.51045, 4.17806], [73.51039, 4.1781], [73.51036, 4.17806], [73.51025, 4.17818]]]}, "properties": {"name": "National Library of Maldives", "city": "Malé", "country": "Maldives", "cc": "MV", "wikis": 12, "rank": 3, "osm": "Q15544113", "h": 10.5}}, {"type": "Feature", "geometry": {"type": "Polygon", "coordinates": [[[-7.99954, 12.64367], [-7.99935, 12.64377], [-7.99937, 12.64382], [-7.99928, 12.64385], [-7.99919, 12.64381], [-7.99915, 12.64364], [-7.99921, 12.64359], [-7.99925, 12.64364], [-7.99944, 12.64353], [-7.99954, 12.64367]]]}, "properties": {"name": "Roman Catholic Archdiocese of Bamako", "city": "Bamako", "country": "Mali", "cc": "ML", "wikis": 15, "rank": 1, "osm": "Q2942903", "h": 0}}, {"type": "Feature", "geometry": {"type": "Polygon", "coordinates": [[[-7.99367, 12.64712], [-7.99354, 12.64648], [-7.99269, 12.64665], [-7.99274, 12.64689], [-7.9927, 12.6469], [-7.99274, 12.64709], [-7.99278, 12.64708], [-7.99282, 12.64729], [-7.99367, 12.64712]]]}, "properties": {"name": "Bamako Grand Mosque", "city": "Bamako", "country": "Mali", "cc": "ML", "wikis": 15, "rank": 2, "osm": "Q2477311", "h": 0}}, {"type": "Feature", "geometry": {"type": "Polygon", "coordinates": [[[14.50699, 35.86965], [14.50697, 35.86957], [14.50702, 35.86957], [14.50699, 35.86942], [14.50694, 35.86943], [14.50695, 35.86951], [14.50676, 35.86953], [14.50679, 35.86968], [14.50699, 35.86965]]]}, "properties": {"name": "Hypogeum of Ħal Saflieni", "city": "Valletta", "country": "Malta", "cc": "MT", "wikis": 47, "rank": 1, "osm": "Q755514", "h": 0}}, {"type": "Feature", "geometry": {"type": "Polygon", "coordinates": [[[14.51252, 35.89738], [14.51219, 35.89767], [14.51277, 35.89802], [14.51306, 35.89772], [14.51252, 35.89738]]]}, "properties": {"name": "St. John's Co-Cathedral", "city": "Valletta", "country": "Malta", "cc": "MT", "wikis": 35, "rank": 2, "osm": "Q613619", "h": 17.5}}, {"type": "Feature", "geometry": {"type": "Polygon", "coordinates": [[[14.43579, 35.82697], [14.43592, 35.8264], [14.43619, 35.8263], [14.43671, 35.82639], [14.43682, 35.82657], [14.43666, 35.8271], [14.43579, 35.82697]]]}, "properties": {"name": "Mnajdra", "city": "Valletta", "country": "Malta", "cc": "MT", "wikis": 32, "rank": 3, "osm": "Q584366", "h": 0}}, {"type": "Feature", "geometry": {"type": "Polygon", "coordinates": [[[171.37799, 7.10191], [171.37821, 7.10202], [171.37831, 7.10182], [171.37808, 7.10172], [171.37799, 7.10191]]]}, "properties": {"name": "Cathedral of the Assumption, Majuro", "city": "Majuro", "country": "Marshall Islands", "cc": "MH", "wikis": 7, "rank": 1, "osm": "Q16825920", "h": 3.5}}, {"type": "Feature", "geometry": {"type": "Polygon", "coordinates": [[[-15.97453, 18.08521], [-15.97451, 18.08534], [-15.97465, 18.08537], [-15.97463, 18.08546], [-15.97477, 18.08548], [-15.97479, 18.08539], [-15.97496, 18.08542], [-15.97489, 18.08579], [-15.97499, 18.08584], [-15.97509, 18.08531], [-15.97453, 18.08521]]]}, "properties": {"name": "National Museum of Mauritania", "city": "Nouakchott", "country": "Mauritania", "cc": "MR", "wikis": 15, "rank": 1, "osm": "Q2370438", "h": 0}}, {"type": "Feature", "geometry": {"type": "Polygon", "coordinates": [[[-15.97499, 18.08584], [-15.97489, 18.08579], [-15.97498, 18.08529], [-15.97509, 18.08531], [-15.97499, 18.08584]]]}, "properties": {"name": "National Library of Mauritania", "city": "Nouakchott", "country": "Mauritania", "cc": "MR", "wikis": 14, "rank": 2, "osm": "Q15116328", "h": 0}}, {"type": "Feature", "geometry": {"type": "Polygon", "coordinates": [[[57.50667, -20.16445], [57.50651, -20.16431], [57.50622, -20.16457], [57.50626, -20.16461], [57.50622, -20.16464], [57.50634, -20.16475], [57.50637, -20.16472], [57.50642, -20.16476], [57.50666, -20.16457], [57.50664, -20.16456], [57.50671, -20.16449], [57.50667, -20.16445]]]}, "properties": {"name": "Roman Catholic Diocese of Port-Louis", "city": "Port Louis", "country": "Mauritius", "cc": "MU", "wikis": 15, "rank": 1, "osm": "Q2942379", "h": 0}}, {"type": "Feature", "geometry": {"type": "Polygon", "coordinates": [[[57.57655, -20.10752], [57.57653, -20.10764], [57.57681, -20.10767], [57.5768, -20.10773], [57.57697, -20.10775], [57.57698, -20.1077], [57.57711, -20.10772], [57.57713, -20.1076], [57.57699, -20.10758], [57.577, -20.10752], [57.57683, -20.1075], [57.57682, -20.10756], [57.57655, -20.10752]]]}, "properties": {"name": "Sir Seewoosagur Ramgoolam Botanical Garden", "city": "Port Louis", "country": "Mauritius", "cc": "MU", "wikis": 13, "rank": 2, "osm": "Q24039163", "h": 0}}, {"type": "Feature", "geometry": {"type": "Polygon", "coordinates": [[[-99.1328, 19.43433], [-99.13269, 19.43483], [-99.13288, 19.43482], [-99.13292, 19.43485], [-99.13294, 19.43493], [-99.13303, 19.43494], [-99.13308, 19.43486], [-99.13315, 19.43486], [-99.13329, 19.43492], [-99.13316, 19.4349], [-99.13314, 19.43501], [-99.13343, 19.43504], [-99.13349, 19.43458], [-99.13331, 19.43456], [-99.13344, 19.43382], [-99.13333, 19.43381], [-99.13325, 19.43384], [-99.13323, 19.4338], [-99.13317, 19.43383], [-99.13308, 19.4338], [-99.13309, 19.43378], [-99.13299, 19.43381], [-99.13297, 19.43376], [-99.13286, 19.43375], [-99.1328, 19.43433]]]}, "properties": {"name": "Mexico City Metropolitan Cathedral", "city": "Mexico City", "country": "Mexico", "cc": "MX", "wikis": 61, "rank": 1, "osm": "Q610961", "h": 67.0}}, {"type": "Feature", "geometry": {"type": "Polygon", "coordinates": [[[-99.1854, 19.4267], [-99.18543, 19.42702], [-99.18572, 19.42706], [-99.18575, 19.42691], [-99.1862, 19.42697], [-99.18626, 19.42707], [-99.18708, 19.42677], [-99.18767, 19.42662], [-99.18797, 19.42643], [-99.18812, 19.42556], [-99.18536, 19.42512], [-99.18532, 19.42537], [-99.18516, 19.42535], [-99.18519, 19.42545], [-99.18517, 19.42563], [-99.18528, 19.42564], [-99.18526, 19.42574], [-99.18535, 19.42576], [-99.18521, 19.42659], [-99.18527, 19.4266], [-99.18525, 19.42668], [-99.1854, 19.4267]]]}, "properties": {"name": "National Museum of Anthropology", "city": "Mexico City", "country": "Mexico", "cc": "MX", "wikis": 41, "rank": 2, "osm": "Q524249", "h": 0}}, {"type": "Feature", "geometry": {"type": "Polygon", "coordinates": [[[-99.14157, 19.43508], [-99.14161, 19.43509], [-99.14159, 19.43521], [-99.14163, 19.43521], [-99.14166, 19.43531], [-99.1416, 19.4354], [-99.14155, 19.43539], [-99.14147, 19.43593], [-99.1414, 19.43597], [-99.14125, 19.43595], [-99.14124, 19.43598], [-99.14112, 19.43596], [-99.14113, 19.43593], [-99.14097, 19.43591], [-99.14091, 19.43583], [-99.14102, 19.43531], [-99.14096, 19.4353], [-99.14093, 19.43521], [-99.14099, 19.43512], [-99.14104, 19.43513], [-99.14106, 19.43501], [-99.1411, 19.43498], [-99.14126, 19.43501], [-99.1413, 19.43497], [-99.14136, 19.43497], [-99.14141, 19.43504], [-99.14157, 19.43504], [-99.14157, 19.43508]]]}, "properties": {"name": "Palace of Fine arts", "city": "Mexico City", "country": "Mexico", "cc": "MX", "wikis": 34, "rank": 3, "osm": "Q1139081", "h": 53.0}}, {"type": "Feature", "geometry": {"type": "Polygon", "coordinates": [[[28.83061, 47.02266], [28.83108, 47.02301], [28.83181, 47.02253], [28.83136, 47.0222], [28.83061, 47.02266]]]}, "properties": {"name": "National Library of Moldova", "city": "Chișinău", "country": "Moldova", "cc": "MD", "wikis": 22, "rank": 1, "osm": "Q19708114", "h": 0}}, {"type": "Feature", "geometry": {"type": "Polygon", "coordinates": [[[28.83427, 47.02606], [28.83432, 47.02602], [28.83427, 47.02599], [28.83442, 47.02589], [28.83447, 47.02592], [28.83452, 47.02588], [28.83457, 47.02592], [28.83463, 47.02589], [28.83478, 47.02599], [28.83473, 47.02603], [28.83479, 47.02606], [28.83474, 47.0261], [28.83478, 47.02613], [28.83463, 47.02624], [28.83458, 47.02621], [28.83452, 47.02624], [28.83447, 47.0262], [28.83442, 47.02624], [28.83427, 47.02613], [28.83432, 47.0261], [28.83427, 47.02606]]]}, "properties": {"name": "Nativity of Christ Cathedral", "city": "Chișinău", "country": "Moldova", "cc": "MD", "wikis": 21, "rank": 2, "osm": "Q5813126", "h": 10.0}}, {"type": "Feature", "geometry": {"type": "Polygon", "coordinates": [[[28.83255, 47.0247], [28.83261, 47.02466], [28.83269, 47.02474], [28.83259, 47.0248], [28.8325, 47.02474], [28.83255, 47.0247]]]}, "properties": {"name": "Triumphal Arch, Chișinău", "city": "Chișinău", "country": "Moldova", "cc": "MD", "wikis": 16, "rank": 3, "osm": "Q7844583", "h": 0}}, {"type": "Feature", "geometry": {"type": "Polygon", "coordinates": [[[7.42056, 43.73108], [7.42088, 43.73131], [7.42089, 43.73133], [7.42079, 43.7314], [7.42084, 43.73148], [7.42069, 43.73152], [7.42065, 43.73146], [7.42061, 43.73147], [7.42051, 43.73151], [7.42052, 43.73154], [7.42005, 43.73168], [7.42014, 43.73184], [7.41985, 43.73186], [7.4199, 43.73173], [7.41953, 43.73163], [7.41954, 43.73147], [7.41951, 43.73147], [7.41951, 43.7314], [7.41945, 43.73142], [7.41941, 43.73138], [7.42006, 43.73101], [7.41998, 43.73092], [7.42004, 43.73089], [7.41993, 43.73076], [7.42003, 43.73068], [7.42031, 43.7309], [7.42024, 43.73095], [7.4204, 43.73107], [7.42048, 43.73102], [7.42056, 43.73108]]]}, "properties": {"name": "Prince's Palace of Monaco", "city": "Monaco", "country": "Monaco", "cc": "MC", "wikis": 32, "rank": 1, "osm": "Q1164788", "h": 0}}, {"type": "Feature", "geometry": {"type": "Polygon", "coordinates": [[[106.89477, 47.92334], [106.89512, 47.92333], [106.89511, 47.9231], [106.89501, 47.9231], [106.89501, 47.92307], [106.89476, 47.9231], [106.89477, 47.92334]]]}, "properties": {"name": "Gandantegchinlen Monastery", "city": "Ulaanbaatar", "country": "Mongolia", "cc": "MN", "wikis": 22, "rank": 1, "osm": "Q4309776", "h": 0}}, {"type": "Feature", "geometry": {"type": "Polygon", "coordinates": [[[106.91653, 47.91793], [106.91622, 47.91948], [106.91874, 47.91969], [106.91903, 47.91815], [106.91653, 47.91793]]]}, "properties": {"name": "Sükhbaatar Square", "city": "Ulaanbaatar", "country": "Mongolia", "cc": "MN", "wikis": 19, "rank": 2, "osm": "Q1348864", "h": 0}}, {"type": "Feature", "geometry": {"type": "Polygon", "coordinates": [[[106.91813, 47.91448], [106.91892, 47.91463], [106.91846, 47.91566], [106.91768, 47.91551], [106.91813, 47.91448]]]}, "properties": {"name": "Choijin Lama Temple", "city": "Ulaanbaatar", "country": "Mongolia", "cc": "MN", "wikis": 17, "rank": 3, "osm": "Q2093410", "h": 0}}, {"type": "Feature", "geometry": {"type": "Polygon", "coordinates": [[[19.24797, 42.44583], [19.24818, 42.44583], [19.24828, 42.44588], [19.24832, 42.44584], [19.24846, 42.4458], [19.24852, 42.44569], [19.24846, 42.44562], [19.24842, 42.44563], [19.24842, 42.4456], [19.24827, 42.44554], [19.24821, 42.44555], [19.24818, 42.4456], [19.24796, 42.44561], [19.24797, 42.44583]]]}, "properties": {"name": "Cathedral of the Resurrection of Christ", "city": "Podgorica", "country": "Montenegro", "cc": "ME", "wikis": 21, "rank": 1, "osm": "Q658743", "h": 0}}, {"type": "Feature", "geometry": {"type": "Polygon", "coordinates": [[[19.25923, 42.44474], [19.25738, 42.44531], [19.25749, 42.4455], [19.25935, 42.44495], [19.25923, 42.44474]]]}, "properties": {"name": "Millennium Bridge", "city": "Podgorica", "country": "Montenegro", "cc": "ME", "wikis": 21, "rank": 2, "osm": "Q1267436", "h": 0}}, {"type": "Feature", "geometry": {"type": "Polygon", "coordinates": [[[19.39043, 42.5531], [19.38986, 42.55314], [19.38444, 42.5531], [19.39043, 42.5531]]]}, "properties": {"name": "Mala Rijeka Viaduct", "city": "Podgorica", "country": "Montenegro", "cc": "ME", "wikis": 18, "rank": 3, "osm": "Q1886615", "h": 0}}, {"type": "Feature", "geometry": {"type": "Polygon", "coordinates": [[[-6.83587, 34.0305], [-6.83559, 34.0307], [-6.83554, 34.03065], [-6.83552, 34.03067], [-6.83539, 34.03054], [-6.83556, 34.03042], [-6.83553, 34.0304], [-6.83564, 34.03032], [-6.83566, 34.03035], [-6.83571, 34.03031], [-6.8358, 34.0304], [-6.83596, 34.03028], [-6.83601, 34.03034], [-6.83595, 34.03038], [-6.83599, 34.03042], [-6.83587, 34.0305]]]}, "properties": {"name": "Kasbah of the Udayas", "city": "Rabat", "country": "Morocco", "cc": "MA", "wikis": 23, "rank": 2, "osm": "Q3330137", "h": 0}}, {"type": "Feature", "geometry": {"type": "Polygon", "coordinates": [[[-6.82141, 34.02279], [-6.82129, 34.02259], [-6.82144, 34.02253], [-6.82156, 34.02274], [-6.82141, 34.02279]]]}, "properties": {"name": "Mausoleum of Mohammed V", "city": "Rabat", "country": "Morocco", "cc": "MA", "wikis": 22, "rank": 3, "osm": "Q219028", "h": 20.0}}, {"type": "Feature", "geometry": {"type": "Polygon", "coordinates": [[[96.18279, 19.77056], [96.1826, 19.77061], [96.18252, 19.77078], [96.18252, 19.77126], [96.18258, 19.77145], [96.18278, 19.7715], [96.18328, 19.7715], [96.18349, 19.77146], [96.18356, 19.77127], [96.18356, 19.77079], [96.1835, 19.77061], [96.1833, 19.77056], [96.18279, 19.77056]]]}, "properties": {"name": "Uppatasanti Pagoda", "city": "Naypyidaw", "country": "Myanmar", "cc": "MM", "wikis": 13, "rank": 2, "osm": "Q608474", "h": 0}}, {"type": "Feature", "geometry": {"type": "Polygon", "coordinates": [[[17.0874, -22.56782], [17.08743, -22.56784], [17.08745, -22.56778], [17.08743, -22.56768], [17.08719, -22.56768], [17.0872, -22.56782], [17.08721, -22.5678], [17.0874, -22.56782]]]}, "properties": {"name": "Christ Church, Windhoek", "city": "Windhoek", "country": "Namibia", "cc": "NA", "wikis": 17, "rank": 1, "osm": "Q1087458", "h": 0}}, {"type": "Feature", "geometry": {"type": "Polygon", "coordinates": [[[166.91551, -0.54554], [166.9148, -0.54615], [166.91513, -0.54653], [166.91555, -0.54688], [166.91599, -0.54644], [166.91591, -0.54636], [166.91596, -0.54617], [166.91608, -0.54605], [166.91563, -0.54578], [166.91551, -0.54554]]]}, "properties": {"name": "Nauru Museum", "city": "Yaren District", "country": "Nauru", "cc": "NR", "wikis": 6, "rank": 1, "osm": "Q55624835", "h": 0}}, {"type": "Feature", "geometry": {"type": "Polygon", "coordinates": [[[166.93151, -0.50565], [166.93142, -0.50575], [166.93165, -0.50598], [166.93175, -0.50588], [166.93151, -0.50565]]]}, "properties": {"name": "Christ the King Church, Arubo", "city": "Yaren District", "country": "Nauru", "cc": "NR", "wikis": 4, "rank": 2, "osm": "Q28740164", "h": 0}}, {"type": "Feature", "geometry": {"type": "Polygon", "coordinates": [[[174.78173, -41.2902], [174.7819, -41.29], [174.78203, -41.29009], [174.7824, -41.28986], [174.78238, -41.28984], [174.78246, -41.28979], [174.78283, -41.28959], [174.78286, -41.28962], [174.78274, -41.2897], [174.78289, -41.28983], [174.78281, -41.28988], [174.78272, -41.29014], [174.78275, -41.29017], [174.78265, -41.29032], [174.78284, -41.29046], [174.7827, -41.29055], [174.78272, -41.29061], [174.78261, -41.29062], [174.7825, -41.29082], [174.7825, -41.29087], [174.78248, -41.29086], [174.78242, -41.29095], [174.78243, -41.29107], [174.78121, -41.29068], [174.78112, -41.29074], [174.78108, -41.2907], [174.78141, -41.29049], [174.78137, -41.29039], [174.78127, -41.29039], [174.78118, -41.29033], [174.78115, -41.29001], [174.78122, -41.29004], [174.78124, -41.29001], [174.78162, -41.29013], [174.7816, -41.29016], [174.78173, -41.2902]]]}, "properties": {"name": "Museum of New Zealand Te Papa Tongarewa", "city": "Wellington", "country": "New Zealand", "cc": "NZ", "wikis": 33, "rank": 1, "osm": "Q915603", "h": 21.0}}, {"type": "Feature", "geometry": {"type": "Polygon", "coordinates": [[[174.77803, -41.27634], [174.77885, -41.27636], [174.77882, -41.27691], [174.778, -41.27688], [174.77803, -41.27634]]]}, "properties": {"name": "National Library of New Zealand", "city": "Wellington", "country": "New Zealand", "cc": "NZ", "wikis": 17, "rank": 2, "osm": "Q390375", "h": 17.5}}, {"type": "Feature", "geometry": {"type": "Polygon", "coordinates": [[[-86.27169, 12.15624], [-86.27167, 12.1565], [-86.27157, 12.15649], [-86.27157, 12.15642], [-86.27133, 12.15639], [-86.27132, 12.1565], [-86.27119, 12.15648], [-86.2712, 12.15638], [-86.27109, 12.15637], [-86.2711, 12.15625], [-86.27122, 12.15626], [-86.27123, 12.15616], [-86.27135, 12.15617], [-86.27134, 12.15628], [-86.2716, 12.1563], [-86.2716, 12.15623], [-86.27169, 12.15624]]]}, "properties": {"name": "Old Cathedral of Managua", "city": "Managua", "country": "Nicaragua", "cc": "NI", "wikis": 12, "rank": 1, "osm": "Q1542099", "h": 0}}, {"type": "Feature", "geometry": {"type": "Polygon", "coordinates": [[[2.13248, 13.52213], [2.13321, 13.52236], [2.1333, 13.52215], [2.13327, 13.52214], [2.1333, 13.52207], [2.13304, 13.52199], [2.13302, 13.52205], [2.13256, 13.52188], [2.13248, 13.52213]]]}, "properties": {"name": "Niamey Grand Mosque", "city": "Niamey", "country": "Niger", "cc": "NE", "wikis": 14, "rank": 1, "osm": "Q279545", "h": 0}}, {"type": "Feature", "geometry": {"type": "Polygon", "coordinates": [[[125.76338, 39.0179], [125.76325, 39.01747], [125.76381, 39.01737], [125.76394, 39.0178], [125.76338, 39.0179]]]}, "properties": {"name": "Juche Tower", "city": "Pyongyang", "country": "North Korea", "cc": "KP", "wikis": 48, "rank": 1, "osm": "Q321697", "h": 5.0}}, {"type": "Feature", "geometry": {"type": "Polygon", "coordinates": [[[125.78758, 39.06274], [125.78739, 39.0627], [125.78745, 39.06249], [125.78729, 39.06247], [125.78731, 39.0624], [125.78664, 39.06228], [125.78662, 39.06233], [125.78647, 39.06231], [125.78619, 39.06332], [125.78639, 39.06336], [125.78636, 39.06346], [125.78694, 39.06356], [125.78697, 39.06347], [125.78717, 39.0635], [125.78735, 39.06286], [125.78754, 39.06289], [125.78743, 39.06326], [125.78779, 39.06332], [125.7878, 39.06328], [125.788, 39.06331], [125.78796, 39.06348], [125.78816, 39.06351], [125.78817, 39.06347], [125.78857, 39.06354], [125.78854, 39.06367], [125.78863, 39.06369], [125.78861, 39.06377], [125.78838, 39.06373], [125.78834, 39.0639], [125.78922, 39.06405], [125.78927, 39.06389], [125.78902, 39.06385], [125.78904, 39.06376], [125.78914, 39.06378], [125.78918, 39.06364], [125.7896, 39.06372], [125.78959, 39.06377], [125.78979, 39.0638], [125.78981, 39.0637], [125.79015, 39.06376], [125.79028, 39.06334], [125.79061, 39.06339], [125.7907, 39.06307], [125.78964, 39.06288], [125.78959, 39.06308], [125.78938, 39.06305], [125.78957, 39.06241], [125.78894, 39.0623], [125.78875, 39.06296], [125.78843, 39.0629], [125.78845, 39.06282], [125.78817, 39.06277], [125.78815, 39.06283], [125.78758, 39.06274]]]}, "properties": {"name": "Kumsusan Palace of the Sun", "city": "Pyongyang", "country": "North Korea", "cc": "KP", "wikis": 36, "rank": 2, "osm": "Q606069", "h": 10.0}}, {"type": "Feature", "geometry": {"type": "Polygon", "coordinates": [[[125.75341, 39.01897], [125.75334, 39.01872], [125.75175, 39.01901], [125.7517, 39.01883], [125.75142, 39.01887], [125.75147, 39.01903], [125.75145, 39.0191], [125.75149, 39.01926], [125.75196, 39.02074], [125.75244, 39.02066], [125.75242, 39.02051], [125.75247, 39.02046], [125.75378, 39.02022], [125.75372, 39.01999], [125.75375, 39.01995], [125.75519, 39.01969], [125.75529, 39.01978], [125.75495, 39.01865], [125.75494, 39.0187], [125.7549, 39.01872], [125.75346, 39.01899], [125.75341, 39.01897]]]}, "properties": {"name": "Kim Il-sung Square", "city": "Pyongyang", "country": "North Korea", "cc": "KP", "wikis": 34, "rank": 3, "osm": "Q72218", "h": 0}}, {"type": "Feature", "geometry": {"type": "Polygon", "coordinates": [[[21.43261, 42.00187], [21.43223, 42.0019], [21.43215, 42.00168], [21.43202, 42.00166], [21.43195, 42.00123], [21.43199, 42.00099], [21.43205, 42.00099], [21.43206, 42.00093], [21.43201, 42.00093], [21.43209, 42.00082], [21.43217, 42.00078], [21.43236, 42.00031], [21.43224, 42.00022], [21.43223, 42.00014], [21.43213, 42.00005], [21.43259, 41.99989], [21.43294, 41.99982], [21.43354, 41.99973], [21.43407, 41.9997], [21.43428, 41.99972], [21.43494, 41.9999], [21.4351, 42.00005], [21.4351, 42.00011], [21.43482, 42.0002], [21.43426, 42.00055], [21.43388, 42.00087], [21.43339, 42.00122], [21.43311, 42.00147], [21.43289, 42.00174], [21.43261, 42.00187]]]}, "properties": {"name": "Skopje Fortress", "city": "Skopje", "country": "North Macedonia", "cc": "MK", "wikis": 28, "rank": 1, "osm": "Q1262367", "h": 0}}, {"type": "Feature", "geometry": {"type": "Polygon", "coordinates": [[[21.43419, 41.9978], [21.43425, 41.99776], [21.43333, 41.99711], [21.43323, 41.99707], [21.43327, 41.99699], [21.43319, 41.99699], [21.43316, 41.99702], [21.43308, 41.99696], [21.43311, 41.99694], [21.43311, 41.99688], [21.43303, 41.99688], [21.433, 41.99691], [21.43293, 41.99686], [21.43296, 41.99683], [21.43295, 41.99678], [21.43288, 41.99677], [21.43284, 41.9968], [21.43276, 41.99675], [21.43278, 41.99674], [21.43274, 41.9967], [21.43272, 41.99672], [21.43228, 41.99643], [21.43222, 41.99647], [21.43272, 41.99679], [21.43278, 41.99684], [21.43275, 41.99687], [21.43276, 41.99692], [21.43287, 41.99689], [21.43295, 41.99695], [21.4329, 41.99703], [21.43302, 41.997], [21.43311, 41.99706], [21.43307, 41.99714], [21.43318, 41.99711], [21.43333, 41.99724], [21.43334, 41.99722], [21.43419, 41.9978]]]}, "properties": {"name": "Stone Bridge in Skopje", "city": "Skopje", "country": "North Macedonia", "cc": "MK", "wikis": 28, "rank": 2, "osm": "Q1780883", "h": 0}}, {"type": "Feature", "geometry": {"type": "Polygon", "coordinates": [[[21.3944, 41.96506], [21.39437, 41.965], [21.39444, 41.96498], [21.39447, 41.96504], [21.3944, 41.96506]]]}, "properties": {"name": "Millennium Cross", "city": "Skopje", "country": "North Macedonia", "cc": "MK", "wikis": 24, "rank": 3, "osm": "Q1890632", "h": 66.0}}, {"type": "Feature", "geometry": {"type": "Polygon", "coordinates": [[[10.75437, 59.90654], [10.75501, 59.90765], [10.7551, 59.90774], [10.75437, 59.90654]]]}, "properties": {"name": "Oslo Opera House", "city": "Oslo", "country": "Norway", "cc": "NO", "wikis": 44, "rank": 1, "osm": "Q19384163", "h": 0}}, {"type": "Feature", "geometry": {"type": "Polygon", "coordinates": [[[10.75595, 59.90597], [10.75528, 59.90527], [10.75456, 59.90544], [10.7551, 59.90618], [10.75595, 59.90597]]]}, "properties": {"name": "Munch Museum", "city": "Oslo", "country": "Norway", "cc": "NO", "wikis": 38, "rank": 2, "osm": "Q844926", "h": 0}}, {"type": "Feature", "geometry": {"type": "Polygon", "coordinates": [[[10.73597, 59.90669], [10.73574, 59.9067], [10.73586, 59.9067], [10.73586, 59.90696], [10.73592, 59.90696], [10.73591, 59.90703], [10.73553, 59.90703], [10.73549, 59.90712], [10.73568, 59.90713], [10.73569, 59.90705], [10.73646, 59.90705], [10.7364, 59.90676], [10.73646, 59.90675], [10.7364, 59.90659], [10.73667, 59.90662], [10.73669, 59.90673], [10.73673, 59.90672], [10.73672, 59.9066], [10.73657, 59.90657], [10.73658, 59.90652], [10.73655, 59.90652], [10.73654, 59.90627], [10.73664, 59.90628], [10.73668, 59.9062], [10.73651, 59.90619], [10.73648, 59.90626], [10.73634, 59.90628], [10.73635, 59.90636], [10.73597, 59.90636], [10.73597, 59.90669]]]}, "properties": {"name": "Akershus Fortress", "city": "Oslo", "country": "Norway", "cc": "NO", "wikis": 37, "rank": 3, "osm": "Q644464", "h": 0}}, {"type": "Feature", "geometry": {"type": "Polygon", "coordinates": [[[58.46808, 23.61476], [58.46787, 23.61466], [58.46789, 23.61463], [58.46782, 23.6146], [58.46796, 23.61435], [58.46811, 23.61439], [58.46817, 23.61429], [58.46806, 23.61424], [58.46807, 23.61422], [58.46783, 23.61411], [58.46777, 23.61422], [58.46787, 23.61426], [58.4677, 23.61456], [58.46766, 23.61454], [58.46764, 23.61457], [58.46728, 23.6144], [58.46731, 23.61435], [58.46701, 23.61419], [58.46699, 23.61422], [58.46686, 23.61416], [58.46688, 23.61412], [58.46679, 23.61408], [58.46681, 23.61406], [58.46663, 23.61398], [58.46665, 23.61393], [58.4663, 23.61377], [58.46634, 23.61369], [58.4663, 23.61366], [58.46636, 23.61356], [58.4664, 23.61359], [58.46642, 23.61354], [58.46748, 23.61403], [58.46764, 23.61373], [58.46825, 23.61402], [58.46829, 23.61395], [58.46819, 23.6139], [58.46825, 23.61379], [58.46837, 23.61384], [58.46848, 23.61363], [58.46854, 23.61366], [58.46852, 23.6137], [58.46867, 23.61377], [58.46874, 23.61365], [58.46898, 23.61377], [58.46891, 23.61389], [58.46906, 23.61396], [58.46908, 23.61393], [58.46915, 23.61396], [58.46902, 23.61418], [58.4691, 23.61422], [58.46903, 23.61435], [58.46895, 23.61431], [58.46881, 23.61456], [58.46885, 23.61458], [58.46875, 23.61476], [58.46881, 23.61479], [58.4687, 23.61496], [58.46865, 23.61494], [58.46861, 23.61502], [58.46839, 23.61492], [58.46835, 23.61499], [58.46803, 23.61484], [58.46808, 23.61476]]]}, "properties": {"name": "Royal Opera House Muscat", "city": "Muscat", "country": "Oman", "cc": "OM", "wikis": 17, "rank": 2, "osm": "Q1332652", "h": 21.0}}, {"type": "Feature", "geometry": {"type": "Polygon", "coordinates": [[[58.59373, 23.61664], [58.59425, 23.61678], [58.59424, 23.61683], [58.59431, 23.61684], [58.59433, 23.6168], [58.59438, 23.61682], [58.59442, 23.61677], [58.59448, 23.61682], [58.59457, 23.61675], [58.59467, 23.61686], [58.59491, 23.61696], [58.59529, 23.61692], [58.5954, 23.61689], [58.59538, 23.61685], [58.59516, 23.61691], [58.59495, 23.61692], [58.59495, 23.61683], [58.59516, 23.61682], [58.59549, 23.61668], [58.59548, 23.61666], [58.59561, 23.61658], [58.59579, 23.61635], [58.59583, 23.6162], [58.59593, 23.61621], [58.59595, 23.61608], [58.59574, 23.61606], [58.59569, 23.61611], [58.59565, 23.6161], [58.59562, 23.61604], [58.59541, 23.61601], [58.59544, 23.61565], [58.59525, 23.61569], [58.59518, 23.61562], [58.59508, 23.61562], [58.59468, 23.6157], [58.59454, 23.61578], [58.59451, 23.61575], [58.59445, 23.61577], [58.5944, 23.61583], [58.59432, 23.61583], [58.59415, 23.61594], [58.59397, 23.61616], [58.59373, 23.61664]]]}, "properties": {"name": "Al Alam Palace", "city": "Muscat", "country": "Oman", "cc": "OM", "wikis": 15, "rank": 3, "osm": "Q2121461", "h": 0}}, {"type": "Feature", "geometry": {"type": "Polygon", "coordinates": [[[73.03647, 33.73005], [73.03755, 33.7303], [73.03754, 33.73034], [73.03749, 33.73033], [73.03746, 33.73036], [73.03743, 33.73044], [73.03749, 33.73045], [73.03748, 33.73051], [73.03855, 33.73074], [73.03856, 33.73069], [73.03869, 33.73072], [73.03867, 33.73077], [73.03905, 33.73085], [73.03906, 33.7308], [73.03912, 33.73081], [73.03914, 33.73076], [73.03919, 33.73077], [73.03935, 33.73027], [73.03929, 33.73026], [73.03931, 33.7302], [73.03953, 33.73025], [73.03956, 33.73014], [73.03934, 33.7301], [73.03935, 33.73006], [73.03941, 33.73007], [73.03957, 33.72956], [73.03951, 33.72955], [73.03953, 33.72951], [73.03946, 33.72949], [73.03948, 33.72944], [73.03906, 33.72934], [73.03904, 33.72939], [73.03886, 33.72935], [73.03881, 33.72948], [73.03893, 33.7295], [73.0389, 33.72959], [73.03827, 33.72946], [73.0383, 33.72937], [73.03841, 33.72939], [73.03844, 33.72926], [73.03825, 33.72922], [73.03827, 33.72917], [73.03784, 33.72908], [73.03783, 33.72913], [73.03779, 33.72912], [73.03776, 33.72923], [73.03783, 33.72925], [73.03782, 33.72929], [73.03788, 33.72931], [73.03787, 33.72936], [73.03785, 33.72932], [73.03675, 33.72909], [73.0367, 33.72911], [73.03643, 33.73002], [73.03647, 33.73005]]]}, "properties": {"name": "Faisal Mosque", "city": "Rawalpindi", "country": "Pakistan", "cc": "PK", "wikis": 54, "rank": 1, "osm": "Q500983", "h": 8.0}}, {"type": "Feature", "geometry": {"type": "Polygon", "coordinates": [[[73.06914, 33.69266], [73.06942, 33.69246], [73.06937, 33.69241], [73.06948, 33.69233], [73.06953, 33.69238], [73.06963, 33.69231], [73.06968, 33.69237], [73.06984, 33.69237], [73.06985, 33.69245], [73.06981, 33.69248], [73.06987, 33.69253], [73.06983, 33.69256], [73.06984, 33.6926], [73.06941, 33.69289], [73.06935, 33.6929], [73.06929, 33.69283], [73.06932, 33.69281], [73.06914, 33.69266]]]}, "properties": {"name": "Pakistan Monument", "city": "Rawalpindi", "country": "Pakistan", "cc": "PK", "wikis": 25, "rank": 3, "osm": "Q86452047", "h": 0}}, {"type": "Feature", "geometry": {"type": "Polygon", "coordinates": [[[134.4763, 7.33655], [134.47627, 7.33646], [134.47622, 7.33646], [134.47619, 7.33656], [134.47621, 7.33676], [134.47627, 7.33676], [134.4763, 7.33667], [134.4763, 7.33681], [134.47644, 7.33682], [134.47649, 7.33676], [134.47649, 7.33634], [134.47645, 7.33634], [134.47637, 7.33643], [134.4763, 7.33643], [134.4763, 7.33655]]]}, "properties": {"name": "Belau National Museum", "city": "Ngerulmud", "country": "Palau", "cc": "PW", "wikis": 14, "rank": 2, "osm": "Q4881995", "h": 0}}, {"type": "Feature", "geometry": {"type": "Polygon", "coordinates": [[[35.45861, 31.74164], [35.45869, 31.74153], [35.45946, 31.7413], [35.45947, 31.74093], [35.45923, 31.74063], [35.45892, 31.74035], [35.4587, 31.74046], [35.45858, 31.74119], [35.45848, 31.74119], [35.45842, 31.74159], [35.45861, 31.74164]]]}, "properties": {"name": "Dead Sea scrolls", "city": "East Jerusalem", "country": "Palestine", "cc": "PS", "wikis": 84, "rank": 3, "osm": "Q223399", "h": 0}}, {"type": "Feature", "geometry": {"type": "Polygon", "coordinates": [[[-79.48531, 9.00718], [-79.48526, 9.00691], [-79.48532, 9.00689], [-79.4853, 9.00674], [-79.48522, 9.00675], [-79.48521, 9.00665], [-79.48502, 9.00669], [-79.48504, 9.00679], [-79.48497, 9.0068], [-79.485, 9.00696], [-79.48507, 9.00695], [-79.48512, 9.00721], [-79.48531, 9.00718]]]}, "properties": {"name": "Panamá Viejo", "city": "Panama City", "country": "Panama", "cc": "PA", "wikis": 27, "rank": 2, "osm": "Q42886113", "h": 0}}, {"type": "Feature", "geometry": {"type": "Polygon", "coordinates": [[[-79.63845, 9.02743], [-79.63822, 9.02727], [-79.63791, 9.02771], [-79.63753, 9.02816], [-79.63193, 9.03438], [-79.63216, 9.03457], [-79.63767, 9.02846], [-79.63807, 9.02798], [-79.63845, 9.02743]]]}, "properties": {"name": "Centennial Bridge, Panama", "city": "Panama City", "country": "Panama", "cc": "PA", "wikis": 23, "rank": 3, "osm": "Q747908", "h": 0}}, {"type": "Feature", "geometry": {"type": "Polygon", "coordinates": [[[-57.63719, -25.2776], [-57.63722, -25.27759], [-57.63712, -25.27742], [-57.63725, -25.27735], [-57.6373, -25.27743], [-57.63739, -25.27738], [-57.63735, -25.2773], [-57.63748, -25.27724], [-57.63758, -25.2774], [-57.63768, -25.27735], [-57.63748, -25.27703], [-57.63693, -25.2773], [-57.63714, -25.27763], [-57.6372, -25.27762], [-57.63719, -25.2776]]]}, "properties": {"name": "Palacio de López", "city": "Asunción", "country": "Paraguay", "cc": "PY", "wikis": 23, "rank": 1, "osm": "Q3298842", "h": 7.0}}, {"type": "Feature", "geometry": {"type": "Polygon", "coordinates": [[[-57.63276, -25.28124], [-57.63197, -25.28171], [-57.63215, -25.28195], [-57.63294, -25.2815], [-57.63276, -25.28124]]]}, "properties": {"name": "Metropolitan Cathedral of Our Lady of the Assumption, Asunción", "city": "Asunción", "country": "Paraguay", "cc": "PY", "wikis": 14, "rank": 3, "osm": "Q23890126", "h": 0}}, {"type": "Feature", "geometry": {"type": "Polygon", "coordinates": [[[116.39043, 39.91571], [116.39121, 39.91573], [116.3912, 39.91608], [116.39042, 39.91607], [116.39043, 39.91571]]]}, "properties": {"name": "Forbidden City", "city": "Beijing", "country": "People's Republic of China", "cc": "CN", "wikis": 104, "rank": 1, "osm": "Q3393365", "h": 0}}, {"type": "Feature", "geometry": {"type": "Polygon", "coordinates": [[[116.39114, 39.90311], [116.39114, 39.90296], [116.39121, 39.90296], [116.39121, 39.90292], [116.39154, 39.90289], [116.39154, 39.90292], [116.39167, 39.90293], [116.39166, 39.90298], [116.39174, 39.90298], [116.39173, 39.90314], [116.39176, 39.90314], [116.39176, 39.90327], [116.39172, 39.90327], [116.39172, 39.90342], [116.39165, 39.90341], [116.39165, 39.90346], [116.39151, 39.90346], [116.3915, 39.90351], [116.39133, 39.9035], [116.39133, 39.90346], [116.39119, 39.90345], [116.39119, 39.90341], [116.39113, 39.90341], [116.39113, 39.90325], [116.39109, 39.90325], [116.39109, 39.90311], [116.39114, 39.90311]]]}, "properties": {"name": "Tiananmen Square", "city": "Beijing", "country": "People's Republic of China", "cc": "CN", "wikis": 78, "rank": 2, "osm": "Q536955", "h": 37.9}}, {"type": "Feature", "geometry": {"type": "Polygon", "coordinates": [[[-77.08262, -12.05848], [-77.08248, -12.05824], [-77.08233, -12.05771], [-77.08229, -12.05742], [-77.08229, -12.0571], [-77.08236, -12.05675], [-77.08249, -12.05655], [-77.08264, -12.05639], [-77.08294, -12.05625], [-77.08335, -12.05622], [-77.08362, -12.0563], [-77.08381, -12.05643], [-77.08402, -12.05667], [-77.08414, -12.057], [-77.0842, -12.05736], [-77.08421, -12.05772], [-77.0842, -12.05803], [-77.08412, -12.05829], [-77.084, -12.05847], [-77.08382, -12.05861], [-77.0836, -12.05872], [-77.08333, -12.05877], [-77.08308, -12.05874], [-77.08284, -12.05865], [-77.08262, -12.05848]]]}, "properties": {"name": "National University of San Marcos", "city": "Lima", "country": "Peru", "cc": "PE", "wikis": 41, "rank": 1, "osm": "Q2838923", "h": 0}}, {"type": "Feature", "geometry": {"type": "Polygon", "coordinates": [[[-77.02996, -12.04637], [-77.02985, -12.0462], [-77.02949, -12.04641], [-77.02958, -12.04655], [-77.02912, -12.04684], [-77.02943, -12.04728], [-77.03013, -12.04683], [-77.03011, -12.0468], [-77.03021, -12.04673], [-77.02996, -12.04637]]]}, "properties": {"name": "Cathedral of Lima", "city": "Lima", "country": "Peru", "cc": "PE", "wikis": 19, "rank": 2, "osm": "Q2446793", "h": 0}}, {"type": "Feature", "geometry": {"type": "Polygon", "coordinates": [[[-77.07105, -12.07257], [-77.07115, -12.07292], [-77.0708, -12.07299], [-77.07079, -12.07294], [-77.07071, -12.07296], [-77.07067, -12.07267], [-77.07105, -12.07257]]]}, "properties": {"name": "Larco Museum", "city": "Lima", "country": "Peru", "cc": "PE", "wikis": 18, "rank": 3, "osm": "Q1954240", "h": 0}}, {"type": "Feature", "geometry": {"type": "Polygon", "coordinates": [[[120.97545, 14.58859], [120.97566, 14.58878], [120.97523, 14.58924], [120.97503, 14.58905], [120.97545, 14.58859]]]}, "properties": {"name": "San Agustin Church", "city": "Manila", "country": "Philippines", "cc": "PH", "wikis": 29, "rank": 1, "osm": "Q1306513", "h": 28.0}}, {"type": "Feature", "geometry": {"type": "Polygon", "coordinates": [[[120.99458, 14.59427], [120.99477, 14.59414], [120.99467, 14.59401], [120.99479, 14.59392], [120.99444, 14.59345], [120.9943, 14.59355], [120.99437, 14.59364], [120.9939, 14.59398], [120.99428, 14.59447], [120.99458, 14.59427]]]}, "properties": {"name": "Malacañang Palace", "city": "Manila", "country": "Philippines", "cc": "PH", "wikis": 24, "rank": 2, "osm": "Q942688", "h": 0}}, {"type": "Feature", "geometry": {"type": "Polygon", "coordinates": [[[120.97342, 14.59189], [120.97345, 14.59187], [120.97351, 14.59192], [120.97363, 14.59179], [120.97365, 14.59182], [120.97372, 14.59175], [120.9737, 14.59173], [120.97388, 14.59153], [120.97395, 14.5916], [120.97406, 14.59148], [120.97365, 14.59109], [120.97316, 14.59161], [120.97322, 14.59167], [120.9732, 14.59169], [120.97342, 14.59189]]]}, "properties": {"name": "Manila Cathedral", "city": "Manila", "country": "Philippines", "cc": "PH", "wikis": 22, "rank": 3, "osm": "Q773443", "h": 53.0}}, {"type": "Feature", "geometry": {"type": "Polygon", "coordinates": [[[21.00482, 52.23184], [21.00468, 52.23181], [21.00451, 52.2317], [21.00443, 52.23156], [21.00442, 52.23144], [21.00445, 52.23137], [21.00457, 52.23126], [21.00484, 52.23115], [21.00526, 52.23116], [21.00537, 52.23096], [21.00528, 52.23092], [21.00534, 52.23082], [21.0054, 52.23083], [21.00557, 52.23055], [21.00551, 52.23054], [21.00556, 52.23045], [21.00575, 52.23047], [21.00578, 52.23042], [21.00585, 52.23041], [21.00603, 52.23045], [21.00602, 52.23048], [21.00607, 52.23049], [21.00604, 52.23054], [21.00625, 52.23061], [21.0062, 52.2307], [21.00607, 52.23068], [21.00589, 52.23099], [21.00631, 52.23108], [21.00625, 52.2312], [21.00641, 52.23119], [21.00643, 52.23115], [21.00664, 52.2312], [21.00662, 52.23124], [21.00668, 52.23125], [21.00666, 52.23129], [21.00673, 52.23131], [21.0068, 52.23118], [21.00725, 52.23128], [21.00742, 52.23098], [21.0073, 52.23095], [21.00737, 52.23084], [21.00755, 52.23087], [21.00769, 52.23083], [21.00789, 52.23087], [21.00787, 52.23089], [21.00792, 52.2309], [21.00789, 52.23095], [21.00804, 52.23102], [21.00798, 52.23112], [21.00791, 52.2311], [21.00775, 52.23137], [21.00782, 52.23139], [21.00776, 52.23149], [21.0076, 52.23148], [21.00752, 52.23154], [21.00723, 52.23147], [21.00724, 52.2314], [21.00699, 52.23133], [21.00679, 52.2317], [21.00701, 52.23175], [21.0068, 52.2321], [21.00658, 52.23206], [21.00633, 52.23242], [21.00659, 52.23247], [21.00667, 52.23241], [21.00696, 52.23248], [21.00695, 52.23255], [21.00709, 52.23261], [21.00703, 52.23271], [21.00696, 52.23269], [21.0068, 52.23297], [21.00687, 52.23298], [21.00681, 52.23308], [21.00663, 52.23307], [21.0066, 52.23312], [21.00653, 52.23312], [21.0063, 52.23305], [21.00632, 52.233], [21.00621, 52.23298], [21.00623, 52.23296], [21.00612, 52.23292], [21.00617, 52.23283], [21.0063, 52.23285], [21.00647, 52.23256], [21.00604, 52.23246], [21.0061, 52.23236], [21.00602, 52.23234], [21.006, 52.23238], [21.00595, 52.23236], [21.00593, 52.2324], [21.00572, 52.23235], [21.00574, 52.23232], [21.00568, 52.2323], [21.0057, 52.23227], [21.00563, 52.23225], [21.00557, 52.23236], [21.00513, 52.23226], [21.00496, 52.23255], [21.00507, 52.2326], [21.00503, 52.23267], [21.00479, 52.23265], [21.00476, 52.2327], [21.00469, 52.2327], [21.00444, 52.23263], [21.00447, 52.23258], [21.00432, 52.23252], [21.00438, 52.23242], [21.00444, 52.23243], [21.0046, 52.23216], [21.00455, 52.23215], [21.0046, 52.23205], [21.00472, 52.23205], [21.0048, 52.23193], [21.00482, 52.23184]]]}, "properties": {"name": "Palace of Culture and Science", "city": "Warsaw", "country": "Poland", "cc": "PL", "wikis": 51, "rank": 1, "osm": "Q167566", "h": 237.0}}, {"type": "Feature", "geometry": {"type": "Polygon", "coordinates": [[[21.00242, 52.21315], [21.00238, 52.21314], [21.00233, 52.21331], [21.00237, 52.21331], [21.00226, 52.21365], [21.00231, 52.21366], [21.00221, 52.21397], [21.00216, 52.21396], [21.0021, 52.21414], [21.00343, 52.2143], [21.00349, 52.21419], [21.00392, 52.21423], [21.00378, 52.21466], [21.00402, 52.21469], [21.00415, 52.21427], [21.00446, 52.2143], [21.00475, 52.21334], [21.00445, 52.2133], [21.00446, 52.21328], [21.00372, 52.21322], [21.00373, 52.21319], [21.00246, 52.21304], [21.00242, 52.21315]]]}, "properties": {"name": "National Library of Poland", "city": "Warsaw", "country": "Poland", "cc": "PL", "wikis": 50, "rank": 2, "osm": "Q856423", "h": 35.0}}, {"type": "Feature", "geometry": {"type": "Polygon", "coordinates": [[[21.01389, 52.24807], [21.01365, 52.24769], [21.01363, 52.24735], [21.01389, 52.24807]]]}, "properties": {"name": "Royal Castle in Warsaw", "city": "Warsaw", "country": "Poland", "cc": "PL", "wikis": 43, "rank": 3, "osm": "Q1092468", "h": 0}}, {"type": "Feature", "geometry": {"type": "Polygon", "coordinates": [[[-9.21574, 38.69177], [-9.21575, 38.69172], [-9.21582, 38.69172], [-9.21583, 38.69169], [-9.21576, 38.69168], [-9.21581, 38.69146], [-9.21591, 38.69141], [-9.21602, 38.69143], [-9.2161, 38.69149], [-9.21605, 38.69171], [-9.21599, 38.6917], [-9.21597, 38.69179], [-9.21574, 38.69177]]]}, "properties": {"name": "Belém Tower", "city": "Lisbon", "country": "Portugal", "cc": "PT", "wikis": 57, "rank": 1, "osm": "Q215003", "h": 0}}, {"type": "Feature", "geometry": {"type": "Polygon", "coordinates": [[[-9.20602, 38.69758], [-9.20606, 38.69759], [-9.20608, 38.69764], [-9.20604, 38.69768], [-9.20606, 38.69773], [-9.2061, 38.69772], [-9.20633, 38.69823], [-9.2054, 38.69849], [-9.2052, 38.69808], [-9.20528, 38.69806], [-9.20525, 38.698], [-9.20518, 38.69802], [-9.20514, 38.69794], [-9.20493, 38.698], [-9.20487, 38.69785], [-9.20508, 38.6978], [-9.20505, 38.69772], [-9.20511, 38.6977], [-9.20507, 38.69762], [-9.20523, 38.69758], [-9.20526, 38.69766], [-9.20532, 38.69765], [-9.20533, 38.69768], [-9.20588, 38.69752], [-9.20591, 38.6976], [-9.20602, 38.69758]]]}, "properties": {"name": "Jerónimos Monastery", "city": "Lisbon", "country": "Portugal", "cc": "PT", "wikis": 53, "rank": 2, "osm": "Q272781", "h": 0}}, {"type": "Feature", "geometry": {"type": "Polygon", "coordinates": [[[51.53948, 25.29524], [51.53868, 25.29494], [51.53861, 25.29507], [51.53866, 25.29509], [51.53856, 25.29534], [51.53854, 25.29537], [51.53849, 25.29535], [51.53843, 25.29548], [51.53879, 25.29563], [51.53888, 25.29568], [51.53886, 25.29573], [51.53907, 25.29581], [51.53909, 25.29577], [51.53932, 25.29582], [51.53946, 25.29579], [51.53984, 25.29593], [51.53981, 25.296], [51.5401, 25.29615], [51.54037, 25.29558], [51.53948, 25.29524]]]}, "properties": {"name": "Museum of Islamic Art", "city": "Doha", "country": "Qatar", "cc": "QA", "wikis": 27, "rank": 1, "osm": "Q1148353", "h": 20.0}}, {"type": "Feature", "geometry": {"type": "Polygon", "coordinates": [[[51.54788, 25.28598], [51.54843, 25.28597], [51.54856, 25.28589], [51.54865, 25.28549], [51.54881, 25.28552], [51.54896, 25.28539], [51.54892, 25.28535], [51.54967, 25.28482], [51.55018, 25.28439], [51.55023, 25.28434], [51.55027, 25.28403], [51.55124, 25.28413], [51.55142, 25.28438], [51.55138, 25.28498], [51.55129, 25.28556], [51.55084, 25.2869], [51.55057, 25.28755], [51.55027, 25.28808], [51.5493, 25.28942], [51.54915, 25.28946], [51.54725, 25.28894], [51.54767, 25.28804], [51.54806, 25.28668], [51.54771, 25.28625], [51.54773, 25.28606], [51.54788, 25.28598]]]}, "properties": {"name": "National Museum of Qatar", "city": "Doha", "country": "Qatar", "cc": "QA", "wikis": 24, "rank": 3, "osm": "Q22079715", "h": 20.0}}, {"type": "Feature", "geometry": {"type": "Polygon", "coordinates": [[[26.08625, 44.42693], [26.08624, 44.42673], [26.08604, 44.42659], [26.08589, 44.4266], [26.08587, 44.42635], [26.08622, 44.42634], [26.08623, 44.42642], [26.08643, 44.42655], [26.08713, 44.42653], [26.08713, 44.42646], [26.08755, 44.42645], [26.08756, 44.42651], [26.08818, 44.42648], [26.08837, 44.42634], [26.08836, 44.42621], [26.08873, 44.42619], [26.08875, 44.42644], [26.08862, 44.42645], [26.08842, 44.42662], [26.08855, 44.42827], [26.08878, 44.42843], [26.08892, 44.42843], [26.08895, 44.42867], [26.08861, 44.42869], [26.08859, 44.42856], [26.08831, 44.42839], [26.08752, 44.42842], [26.08666, 44.42846], [26.08643, 44.42865], [26.08644, 44.42877], [26.08609, 44.42879], [26.08605, 44.42853], [26.08621, 44.42853], [26.08644, 44.42832], [26.0864, 44.42785], [26.08603, 44.42787], [26.08599, 44.4273], [26.08628, 44.42728], [26.08625, 44.42693]]]}, "properties": {"name": "Palace of the Parliament", "city": "Bucharest", "country": "Romania", "cc": "RO", "wikis": 45, "rank": 1, "osm": "Q164150", "h": 29.0}}, {"type": "Feature", "geometry": {"type": "Polygon", "coordinates": [[[26.10975, 44.42599], [26.11085, 44.42592], [26.11085, 44.42578], [26.11091, 44.42578], [26.11086, 44.42535], [26.1108, 44.42535], [26.11078, 44.42519], [26.11072, 44.42519], [26.11072, 44.42514], [26.11047, 44.42514], [26.11043, 44.42486], [26.11027, 44.42472], [26.11011, 44.42468], [26.10988, 44.42473], [26.10975, 44.42488], [26.10977, 44.42517], [26.1095, 44.4252], [26.10951, 44.42523], [26.10945, 44.42524], [26.10945, 44.42538], [26.10941, 44.42538], [26.10945, 44.42584], [26.10948, 44.42584], [26.10952, 44.42598], [26.10975, 44.42599]]]}, "properties": {"name": "National Library of Romania", "city": "Bucharest", "country": "Romania", "cc": "RO", "wikis": 34, "rank": 2, "osm": "Q622012", "h": 35.0}}, {"type": "Feature", "geometry": {"type": "Polygon", "coordinates": [[[26.08156, 44.42612], [26.08152, 44.42584], [26.08164, 44.42583], [26.08163, 44.42573], [26.08166, 44.4257], [26.08181, 44.4257], [26.08186, 44.42575], [26.08212, 44.42574], [26.08213, 44.42568], [26.08232, 44.42566], [26.08246, 44.4256], [26.08256, 44.42565], [26.08276, 44.42564], [26.0828, 44.42573], [26.08298, 44.42578], [26.08306, 44.42588], [26.08304, 44.42597], [26.08295, 44.42605], [26.08284, 44.42608], [26.08281, 44.42617], [26.08262, 44.42618], [26.08252, 44.42624], [26.08238, 44.42619], [26.08221, 44.4262], [26.08217, 44.42618], [26.08217, 44.42613], [26.0819, 44.42615], [26.08187, 44.42622], [26.08172, 44.42623], [26.08169, 44.42621], [26.08168, 44.42612], [26.08156, 44.42612]]]}, "properties": {"name": "National Cathedral", "city": "Bucharest", "country": "Romania", "cc": "RO", "wikis": 32, "rank": 3, "osm": "Q1428093", "h": 52.0}}, {"type": "Feature", "geometry": {"type": "Polygon", "coordinates": [[[37.62004, 55.75383], [37.62029, 55.75372], [37.62016, 55.75366], [37.61999, 55.75352], [37.61952, 55.75374], [37.61983, 55.75393], [37.62004, 55.75383]]]}, "properties": {"name": "Red Square", "city": "Moscow", "country": "Russia", "cc": "RU", "wikis": 101, "rank": 1, "osm": "Q191414", "h": 0}}, {"type": "Feature", "geometry": {"type": "Polygon", "coordinates": [[[37.62304, 55.75229], [37.62302, 55.75231], [37.62311, 55.75234], [37.62323, 55.75234], [37.62325, 55.75238], [37.62358, 55.75243], [37.62355, 55.7525], [37.62342, 55.75248], [37.62341, 55.75252], [37.62334, 55.75253], [37.62331, 55.7526], [37.62336, 55.75264], [37.62325, 55.75271], [37.62305, 55.75269], [37.62308, 55.75265], [37.62278, 55.75257], [37.62271, 55.75265], [37.62261, 55.75262], [37.62278, 55.75246], [37.62276, 55.75242], [37.62279, 55.75238], [37.62287, 55.75237], [37.623, 55.75221], [37.62309, 55.75224], [37.62304, 55.75229]]]}, "properties": {"name": "St. Basil's Cathedral", "city": "Moscow", "country": "Russia", "cc": "RU", "wikis": 78, "rank": 2, "osm": "Q129846", "h": 67.0}}, {"type": "Feature", "geometry": {"type": "Polygon", "coordinates": [[[37.61964, 55.75348], [37.61958, 55.75344], [37.61946, 55.7535], [37.61955, 55.75356], [37.61967, 55.7535], [37.61964, 55.75348]]]}, "properties": {"name": "Lenin's Mausoleum", "city": "Moscow", "country": "Russia", "cc": "RU", "wikis": 62, "rank": 3, "osm": "Q4416095", "h": 34.0}}, {"type": "Feature", "geometry": {"type": "Polygon", "coordinates": [[[-62.83898, 17.34763], [-62.83891, 17.34755], [-62.83896, 17.34724], [-62.83873, 17.34723], [-62.83857, 17.3471], [-62.83854, 17.34714], [-62.83828, 17.34713], [-62.83782, 17.34635], [-62.8377, 17.34626], [-62.83786, 17.34596], [-62.83784, 17.34584], [-62.83793, 17.3458], [-62.83782, 17.34514], [-62.83734, 17.34571], [-62.83737, 17.34578], [-62.83744, 17.34576], [-62.83755, 17.34587], [-62.83746, 17.34589], [-62.83728, 17.3463], [-62.83685, 17.34646], [-62.83532, 17.34582], [-62.83508, 17.34606], [-62.83475, 17.34607], [-62.8346, 17.34627], [-62.83499, 17.34686], [-62.8349, 17.34709], [-62.83514, 17.34719], [-62.8351, 17.34748], [-62.83447, 17.34774], [-62.83469, 17.34791], [-62.83532, 17.34828], [-62.83643, 17.3479], [-62.83688, 17.34724], [-62.83756, 17.34728], [-62.83793, 17.34755], [-62.83847, 17.34778], [-62.83864, 17.34807], [-62.83872, 17.34808], [-62.83878, 17.34805], [-62.83887, 17.34781], [-62.83896, 17.34772], [-62.83898, 17.34763]]]}, "properties": {"name": "Brimstone Hill Fortress National Park", "city": "Basseterre", "country": "Saint Kitts and Nevis", "cc": "KN", "wikis": 36, "rank": 1, "osm": "Q200521", "h": 0}}, {"type": "Feature", "geometry": {"type": "Polygon", "coordinates": [[[126.97681, 37.57845], [126.97717, 37.57843], [126.97718, 37.57865], [126.97681, 37.57866], [126.97681, 37.57845]]]}, "properties": {"name": "Gyeongbokgung", "city": "Seoul", "country": "South Korea", "cc": "KR", "wikis": 45, "rank": 3, "osm": "Q10855678", "h": 0}}, {"type": "Feature", "geometry": {"type": "Polygon", "coordinates": [[[31.60018, 4.82744], [31.60009, 4.82744], [31.60009, 4.82721], [31.60017, 4.82721], [31.60017, 4.82718], [31.60055, 4.82721], [31.60056, 4.82745], [31.60033, 4.82745], [31.60033, 4.82749], [31.60018, 4.82749], [31.60018, 4.82744]]]}, "properties": {"name": "St. Theresa Cathedral, Juba", "city": "Juba", "country": "South Sudan", "cc": "SS", "wikis": 8, "rank": 1, "osm": "Q2942508", "h": 0}}, {"type": "Feature", "geometry": {"type": "Polygon", "coordinates": [[[31.60914, 4.82179], [31.60925, 4.82185], [31.60822, 4.82397], [31.60819, 4.82396], [31.60812, 4.82392], [31.60914, 4.82179]]]}, "properties": {"name": "Juba Nile Bridge", "city": "Juba", "country": "South Sudan", "cc": "SS", "wikis": 3, "rank": 2, "osm": "Q1710737", "h": 0}}, {"type": "Feature", "geometry": {"type": "Polygon", "coordinates": [[[-3.69035, 40.42316], [-3.69014, 40.4236], [-3.69013, 40.42364], [-3.69018, 40.42365], [-3.69009, 40.42383], [-3.69005, 40.42382], [-3.68984, 40.42429], [-3.68848, 40.42393], [-3.689, 40.4228], [-3.69035, 40.42316]]]}, "properties": {"name": "Biblioteca Nacional de España", "city": "Madrid", "country": "Spain", "cc": "ES", "wikis": 64, "rank": 1, "osm": "Q6057871", "h": 0}}, {"type": "Feature", "geometry": {"type": "Polygon", "coordinates": [[[-3.69417, 40.40918], [-3.6932, 40.40875], [-3.69344, 40.40843], [-3.69442, 40.40885], [-3.69417, 40.40918]]]}, "properties": {"name": "Museo Nacional Centro de Arte Reina Sofía", "city": "Madrid", "country": "Spain", "cc": "ES", "wikis": 46, "rank": 2, "osm": "Q55005440", "h": 0}}, {"type": "Feature", "geometry": {"type": "Polygon", "coordinates": [[[-3.71379, 40.41656], [-3.71347, 40.41656], [-3.71333, 40.41783], [-3.71337, 40.41786], [-3.71353, 40.41787], [-3.71352, 40.41806], [-3.71359, 40.41806], [-3.71352, 40.41879], [-3.71344, 40.41879], [-3.71342, 40.41902], [-3.7137, 40.41904], [-3.7137, 40.41899], [-3.71379, 40.41899], [-3.71399, 40.41901], [-3.71399, 40.41905], [-3.71437, 40.41908], [-3.71438, 40.41903], [-3.71443, 40.41903], [-3.71467, 40.41905], [-3.71466, 40.4191], [-3.71494, 40.41911], [-3.71496, 40.41888], [-3.71489, 40.41887], [-3.71496, 40.41815], [-3.71504, 40.41815], [-3.71506, 40.41796], [-3.71526, 40.41796], [-3.71531, 40.41753], [-3.71531, 40.41742], [-3.71508, 40.4174], [-3.71511, 40.41708], [-3.71512, 40.41705], [-3.71535, 40.41706], [-3.71539, 40.41666], [-3.71507, 40.41664], [-3.71494, 40.41791], [-3.71479, 40.4179], [-3.71478, 40.41794], [-3.71442, 40.41791], [-3.71438, 40.41793], [-3.71427, 40.4179], [-3.71421, 40.41792], [-3.71386, 40.41789], [-3.71381, 40.41788], [-3.71382, 40.41784], [-3.71366, 40.41783], [-3.71379, 40.41656]]]}, "properties": {"name": "Royal Palace of Madrid", "city": "Madrid", "country": "Spain", "cc": "ES", "wikis": 45, "rank": 3, "osm": "Q171517", "h": 0}}, {"type": "Feature", "geometry": {"type": "Polygon", "coordinates": [[[79.85795, 6.92692], [79.85794, 6.92709], [79.85798, 6.92721], [79.85818, 6.92738], [79.85835, 6.9274], [79.85849, 6.92736], [79.85863, 6.92724], [79.85869, 6.92709], [79.85869, 6.92696], [79.85865, 6.92685], [79.85856, 6.92674], [79.8584, 6.92666], [79.85829, 6.92665], [79.85809, 6.92672], [79.85795, 6.92692]]]}, "properties": {"name": "Lotus Tower", "city": "Colombo", "country": "Sri Lanka", "cc": "LK", "wikis": 20, "rank": 1, "osm": "Q3449463", "h": 356.0}}, {"type": "Feature", "geometry": {"type": "Polygon", "coordinates": [[[79.84501, 6.92624], [79.8451, 6.92639], [79.84541, 6.92648], [79.84553, 6.92641], [79.84572, 6.92646], [79.84575, 6.92655], [79.84565, 6.92692], [79.84549, 6.927], [79.84547, 6.92708], [79.8456, 6.92713], [79.84536, 6.92805], [79.8453, 6.92804], [79.84514, 6.92856], [79.84508, 6.92855], [79.84505, 6.92865], [79.84468, 6.92854], [79.84461, 6.92875], [79.84439, 6.92874], [79.84405, 6.92864], [79.84418, 6.92817], [79.84452, 6.92827], [79.8446, 6.92797], [79.84431, 6.92788], [79.84454, 6.92719], [79.84458, 6.9272], [79.84466, 6.92687], [79.84472, 6.92688], [79.84457, 6.92663], [79.84466, 6.92634], [79.84492, 6.92622], [79.84501, 6.92624]]]}, "properties": {"name": "Galle Face Green", "city": "Colombo", "country": "Sri Lanka", "cc": "LK", "wikis": 14, "rank": 2, "osm": "Q30624347", "h": 30.0}}, {"type": "Feature", "geometry": {"type": "Polygon", "coordinates": [[[79.85203, 6.93823], [79.85197, 6.93837], [79.85173, 6.93826], [79.85169, 6.93828], [79.85162, 6.93853], [79.85168, 6.93858], [79.85176, 6.93856], [79.852, 6.93864], [79.85216, 6.93829], [79.85203, 6.93823]]]}, "properties": {"name": "Jami Ul-Alfar Mosque", "city": "Colombo", "country": "Sri Lanka", "cc": "LK", "wikis": 14, "rank": 3, "osm": "Q2667449", "h": 0}}, {"type": "Feature", "geometry": {"type": "Polygon", "coordinates": [[[32.50937, 15.60676], [32.50736, 15.60684], [32.50733, 15.6055], [32.50933, 15.60532], [32.50937, 15.60676]]]}, "properties": {"name": "National Museum of Sudan", "city": "Khartoum", "country": "Sudan", "cc": "SD", "wikis": 19, "rank": 1, "osm": "Q643453", "h": 0}}, {"type": "Feature", "geometry": {"type": "Polygon", "coordinates": [[[-55.14986, 5.82505], [-55.14991, 5.82505], [-55.14989, 5.82489], [-55.14978, 5.82494], [-55.14978, 5.82497], [-55.14963, 5.82498], [-55.14963, 5.82495], [-55.14951, 5.82492], [-55.14953, 5.82507], [-55.14958, 5.82507], [-55.14954, 5.82523], [-55.14958, 5.82525], [-55.14956, 5.82529], [-55.14971, 5.82539], [-55.14979, 5.82539], [-55.14991, 5.82529], [-55.14992, 5.82522], [-55.14986, 5.82505]]]}, "properties": {"name": "Fort Zeelandia", "city": "Paramaribo", "country": "Suriname", "cc": "SR", "wikis": 16, "rank": 1, "osm": "Q656587", "h": 0}}, {"type": "Feature", "geometry": {"type": "Polygon", "coordinates": [[[-55.15983, 5.8289], [-55.15998, 5.82865], [-55.15983, 5.82856], [-55.15968, 5.8288], [-55.15983, 5.8289]]]}, "properties": {"name": "Mosque Keizerstraat", "city": "Paramaribo", "country": "Suriname", "cc": "SR", "wikis": 16, "rank": 2, "osm": "Q1948977", "h": 0}}, {"type": "Feature", "geometry": {"type": "Polygon", "coordinates": [[[-55.15414, 5.82851], [-55.15401, 5.82873], [-55.15404, 5.82875], [-55.15399, 5.82884], [-55.15396, 5.82883], [-55.1539, 5.82893], [-55.15384, 5.82894], [-55.15379, 5.82902], [-55.15374, 5.82899], [-55.15378, 5.82892], [-55.15376, 5.82885], [-55.15383, 5.82874], [-55.1538, 5.82872], [-55.15385, 5.82865], [-55.15388, 5.82866], [-55.15401, 5.82843], [-55.15414, 5.82851]]]}, "properties": {"name": "Saint Peter and Paul Cathedral", "city": "Paramaribo", "country": "Suriname", "cc": "SR", "wikis": 15, "rank": 3, "osm": "Q2736107", "h": 0}}, {"type": "Feature", "geometry": {"type": "Polygon", "coordinates": [[[17.88621, 59.32183], [17.88614, 59.32192], [17.88622, 59.32193], [17.88605, 59.32215], [17.88629, 59.32218], [17.88621, 59.32228], [17.88631, 59.32235], [17.88651, 59.32233], [17.88658, 59.32225], [17.88681, 59.32229], [17.88696, 59.32208], [17.88705, 59.32209], [17.88712, 59.322], [17.88694, 59.32197], [17.88709, 59.32175], [17.88729, 59.32148], [17.88743, 59.32151], [17.8875, 59.32142], [17.88745, 59.32141], [17.8876, 59.32118], [17.88748, 59.32116], [17.8875, 59.32111], [17.8874, 59.32109], [17.88742, 59.32105], [17.88737, 59.321], [17.88726, 59.32097], [17.8871, 59.321], [17.88704, 59.32108], [17.88684, 59.32104], [17.88679, 59.3211], [17.88684, 59.32111], [17.88673, 59.32127], [17.88664, 59.32125], [17.88658, 59.32135], [17.88674, 59.32138], [17.88652, 59.32175], [17.88648, 59.32174], [17.88639, 59.32186], [17.88621, 59.32183]]]}, "properties": {"name": "Drottningholm Palace", "city": "Stockholm", "country": "Sweden", "cc": "SE", "wikis": 59, "rank": 1, "osm": "Q208559", "h": 0}}, {"type": "Feature", "geometry": {"type": "Polygon", "coordinates": [[[18.07138, 59.33823], [18.07273, 59.33795], [18.07277, 59.338], [18.07298, 59.33796], [18.07312, 59.33814], [18.07227, 59.33829], [18.0725, 59.33858], [18.07241, 59.3386], [18.07218, 59.33831], [18.07134, 59.3385], [18.0712, 59.33832], [18.07142, 59.33828], [18.07138, 59.33823]]]}, "properties": {"name": "National Library of Sweden", "city": "Stockholm", "country": "Sweden", "cc": "SE", "wikis": 45, "rank": 2, "osm": "Q953058", "h": 10.5}}, {"type": "Feature", "geometry": {"type": "MultiPolygon", "coordinates": [[[[18.10068, 59.27637], [18.10075, 59.27628], [18.10086, 59.2763], [18.10083, 59.27635], [18.1011, 59.27639], [18.10101, 59.27653], [18.10074, 59.27647], [18.10065, 59.27659], [18.10056, 59.27658], [18.10062, 59.27648], [18.10039, 59.27644], [18.10032, 59.27651], [18.10025, 59.2765], [18.10031, 59.27641], [18.10043, 59.27642], [18.10049, 59.27634], [18.10068, 59.27637]]], [[[18.10099, 59.27631], [18.10112, 59.27614], [18.10124, 59.27616], [18.10128, 59.27609], [18.10088, 59.27602], [18.10086, 59.27605], [18.1009, 59.27605], [18.10083, 59.27617], [18.10061, 59.27614], [18.10057, 59.27622], [18.10043, 59.2762], [18.10038, 59.27631], [18.10046, 59.27631], [18.10052, 59.27625], [18.10086, 59.2763], [18.10083, 59.27635], [18.10088, 59.27636], [18.10093, 59.27629], [18.10099, 59.27631]]], [[[18.10088, 59.27602], [18.10138, 59.27609], [18.10148, 59.27604], [18.10151, 59.27597], [18.10142, 59.27592], [18.10145, 59.27584], [18.10125, 59.27582], [18.1012, 59.27587], [18.10099, 59.27583], [18.10088, 59.27602]]]]}, "properties": {"name": "Skogskyrkogården", "city": "Stockholm", "country": "Sweden", "cc": "SE", "wikis": 44, "rank": 3, "osm": "Q10670368", "h": 0}}, {"type": "Feature", "geometry": {"type": "Polygon", "coordinates": [[[7.44477, 46.94671], [7.4446, 46.9467], [7.44461, 46.94665], [7.44456, 46.94665], [7.44458, 46.94651], [7.44477, 46.94653], [7.44477, 46.94646], [7.4446, 46.94645], [7.44461, 46.94636], [7.44464, 46.94637], [7.44466, 46.94628], [7.44453, 46.94627], [7.44433, 46.94618], [7.44416, 46.94618], [7.44404, 46.94623], [7.44391, 46.94622], [7.4439, 46.9463], [7.44393, 46.94631], [7.44391, 46.94639], [7.44374, 46.94638], [7.44372, 46.94644], [7.4439, 46.94646], [7.44388, 46.94659], [7.44382, 46.94659], [7.44382, 46.94663], [7.44368, 46.94661], [7.44366, 46.94665], [7.44381, 46.94668], [7.4438, 46.94672], [7.44401, 46.94674], [7.44401, 46.94679], [7.44431, 46.94682], [7.44437, 46.94682], [7.44437, 46.94677], [7.44459, 46.94679], [7.4446, 46.94674], [7.44477, 46.94675], [7.44477, 46.94671]]]}, "properties": {"name": "Federal Palace of Switzerland", "city": "Bern", "country": "Switzerland", "cc": "CH", "wikis": 28, "rank": 1, "osm": "Q30911", "h": 64.0}}, {"type": "Feature", "geometry": {"type": "MultiPolygon", "coordinates": [[[[36.30596, 33.51121], [36.30593, 33.51146], [36.30604, 33.51146], [36.306, 33.51189], [36.30667, 33.51194], [36.30665, 33.51202], [36.30577, 33.51196], [36.30584, 33.51121], [36.30596, 33.51121]]], [[[36.30665, 33.51202], [36.30667, 33.51194], [36.3067, 33.51194], [36.30669, 33.51203], [36.30665, 33.51202]]], [[[36.30661, 33.51114], [36.30657, 33.5115], [36.30681, 33.51152], [36.30685, 33.51115], [36.30661, 33.51114]]], [[[36.30657, 33.5115], [36.30659, 33.51137], [36.30594, 33.51133], [36.30593, 33.51146], [36.30657, 33.5115]]], [[[36.30596, 33.51121], [36.3066, 33.51126], [36.30659, 33.51137], [36.30594, 33.51133], [36.30596, 33.51121]]], [[[36.3066, 33.51126], [36.306, 33.51122], [36.30601, 33.51109], [36.30661, 33.51114], [36.3066, 33.51126]]], [[[36.30744, 33.51156], [36.30681, 33.51152], [36.30682, 33.51139], [36.30745, 33.51144], [36.30744, 33.51156]]], [[[36.30746, 33.51133], [36.30683, 33.51128], [36.30682, 33.51139], [36.30745, 33.51144], [36.30746, 33.51133]]], [[[36.30747, 33.5112], [36.30685, 33.51115], [36.30683, 33.51128], [36.30746, 33.51133], [36.30747, 33.5112]]], [[[36.30602, 33.51107], [36.306, 33.51122], [36.30584, 33.51121], [36.30586, 33.51107], [36.30602, 33.51107]]], [[[36.30602, 33.51107], [36.30601, 33.51109], [36.30747, 33.5112], [36.30748, 33.51117], [36.30602, 33.51107]]], [[[36.30747, 33.51124], [36.30753, 33.51125], [36.30745, 33.51209], [36.30669, 33.51203], [36.3067, 33.51194], [36.3073, 33.51199], [36.30734, 33.51156], [36.30744, 33.51156], [36.30747, 33.51124]]], [[[36.30748, 33.51117], [36.30754, 33.51118], [36.30753, 33.51125], [36.30747, 33.51124], [36.30748, 33.51117]]], [[[36.3075, 33.51121], [36.3075, 33.51121], [36.3075, 33.51121], [36.3075, 33.51121], [36.3075, 33.51121], [36.3075, 33.5112], [36.3075, 33.5112], [36.30751, 33.5112], [36.30751, 33.51121], [36.30751, 33.51121], [36.30751, 33.51121], [36.30751, 33.51121], [36.30751, 33.51121], [36.30751, 33.51122], [36.30751, 33.51122], [36.3075, 33.51122], [36.3075, 33.51122], [36.3075, 33.51122], [36.3075, 33.51121], [36.3075, 33.51121]]], [[[36.30594, 33.51116], [36.30595, 33.51113], [36.30591, 33.51112], [36.3059, 33.51116], [36.30594, 33.51116]]], [[[36.3059, 33.51114], [36.3059, 33.51114], [36.3059, 33.51115], [36.30591, 33.51115], [36.30591, 33.51116], [36.30592, 33.51116], [36.30593, 33.51116], [36.30593, 33.51116], [36.30594, 33.51115], [36.30594, 33.51115], [36.30595, 33.51114], [36.30594, 33.51114], [36.30594, 33.51113], [36.30594, 33.51113], [36.30593, 33.51113], [36.30592, 33.51112], [36.30592, 33.51113], [36.30591, 33.51113], [36.30591, 33.51113], [36.3059, 33.51114]]], [[[36.30594, 33.51114], [36.30594, 33.51113], [36.30593, 33.51113], [36.30593, 33.51113], [36.30592, 33.51113], [36.30592, 33.51113], [36.30591, 33.51113], [36.30591, 33.51114], [36.30591, 33.51114], [36.30591, 33.51115], [36.30591, 33.51115], [36.30591, 33.51115], [36.30592, 33.51116], [36.30592, 33.51116], [36.30593, 33.51116], [36.30593, 33.51115], [36.30594, 33.51115], [36.30594, 33.51115], [36.30594, 33.51114], [36.30594, 33.51114]]], [[[36.30592, 33.51115], [36.30592, 33.51115], [36.30592, 33.51115], [36.30591, 33.51115], [36.30591, 33.51115], [36.30591, 33.51114], [36.30591, 33.51114], [36.30591, 33.51114], [36.30592, 33.51113], [36.30592, 33.51113], [36.30592, 33.51113], [36.30593, 33.51113], [36.30593, 33.51113], [36.30593, 33.51114], [36.30594, 33.51114], [36.30594, 33.51114], [36.30593, 33.51115], [36.30593, 33.51115], [36.30593, 33.51115], [36.30592, 33.51115]]], [[[36.30593, 33.51114], [36.30592, 33.51114], [36.30592, 33.51114], [36.30592, 33.51114], [36.30592, 33.51114], [36.30592, 33.51114], [36.30592, 33.51114], [36.30592, 33.51114], [36.30592, 33.51115], [36.30592, 33.51115], [36.30592, 33.51115], [36.30592, 33.51115], [36.30593, 33.51115], [36.30593, 33.51115], [36.30593, 33.51114], [36.30593, 33.51114], [36.30593, 33.51114], [36.30593, 33.51114], [36.30593, 33.51114], [36.30593, 33.51114]]], [[[36.30662, 33.5113], [36.30661, 33.51136], [36.30665, 33.5114], [36.30673, 33.51141], [36.3068, 33.51137], [36.3068, 33.51131], [36.30676, 33.51126], [36.30668, 33.51125], [36.30662, 33.5113]]], [[[36.30675, 33.51128], [36.30665, 33.51128], [36.30664, 33.51136], [36.3067, 33.5114], [36.30677, 33.51137], [36.30679, 33.51133], [36.30675, 33.51128]]], [[[36.30674, 33.51203], [36.3066, 33.51202], [36.30659, 33.51208], [36.30673, 33.51209], [36.30674, 33.51203]]], [[[36.30671, 33.51203], [36.30664, 33.51202], [36.30663, 33.51207], [36.3067, 33.51208], [36.30671, 33.51203]]], [[[36.3067, 33.51208], [36.30671, 33.51203], [36.30663, 33.51202], [36.30662, 33.51208], [36.3067, 33.51208]]], [[[36.30668, 33.51207], [36.30669, 33.51204], [36.30665, 33.51204], [36.30668, 33.51207]]]]}, "properties": {"name": "Umayyad Mosque", "city": "Damascus", "country": "Syria", "cc": "SY", "wikis": 78, "rank": 1, "osm": "Q183562", "h": 0}}, {"type": "Feature", "geometry": {"type": "Polygon", "coordinates": [[[36.29055, 33.51313], [36.29071, 33.51198], [36.29054, 33.51196], [36.29054, 33.512], [36.29004, 33.51197], [36.29004, 33.512], [36.28946, 33.51196], [36.28934, 33.51307], [36.29055, 33.51313]]]}, "properties": {"name": "National Museum in Damascus", "city": "Damascus", "country": "Syria", "cc": "SY", "wikis": 25, "rank": 2, "osm": "Q617254", "h": 0}}, {"type": "Feature", "geometry": {"type": "Polygon", "coordinates": [[[36.30661, 33.51037], [36.30661, 33.51041], [36.30671, 33.51041], [36.3067, 33.5106], [36.30701, 33.51055], [36.30707, 33.51045], [36.30716, 33.51045], [36.30721, 33.51041], [36.30741, 33.51041], [36.30744, 33.51017], [36.30739, 33.51016], [36.30739, 33.51013], [36.3073, 33.51012], [36.30731, 33.51008], [36.3072, 33.5101], [36.30721, 33.51005], [36.30714, 33.51005], [36.30715, 33.50999], [36.30693, 33.50999], [36.30694, 33.50981], [36.30671, 33.50979], [36.30669, 33.51001], [36.30665, 33.51001], [36.30665, 33.51018], [36.30658, 33.51017], [36.30657, 33.5102], [36.30655, 33.51036], [36.30661, 33.51037]]]}, "properties": {"name": "Al-Azm Palace", "city": "Damascus", "country": "Syria", "cc": "SY", "wikis": 22, "rank": 3, "osm": "Q793784", "h": 0}}, {"type": "Feature", "geometry": {"type": "Polygon", "coordinates": [[[6.7396, 0.34595], [6.73966, 0.34617], [6.73954, 0.34615], [6.73953, 0.34612], [6.73937, 0.34613], [6.73937, 0.34616], [6.73924, 0.34619], [6.73928, 0.34596], [6.73922, 0.34575], [6.73943, 0.34579], [6.73964, 0.34573], [6.7396, 0.34595]]]}, "properties": {"name": "São Sebastião Museum", "city": "São Tomé", "country": "São Tomé and Príncipe", "cc": "ST", "wikis": 12, "rank": 2, "osm": "Q2110836", "h": 0}}, {"type": "Feature", "geometry": {"type": "Polygon", "coordinates": [[[68.78455, 38.57352], [68.78455, 38.57322], [68.78412, 38.57322], [68.78384, 38.57304], [68.78379, 38.57286], [68.78349, 38.57286], [68.78346, 38.57305], [68.78312, 38.57323], [68.78277, 38.57323], [68.78276, 38.5735], [68.78326, 38.57351], [68.78352, 38.57335], [68.78382, 38.57336], [68.78405, 38.57352], [68.78455, 38.57352]]]}, "properties": {"name": "National Library of Tajikistan", "city": "Dushanbe", "country": "Tajikistan", "cc": "TJ", "wikis": 12, "rank": 2, "osm": "Q13201421", "h": 28.0}}, {"type": "Feature", "geometry": {"type": "Polygon", "coordinates": [[[35.74567, -6.1725], [35.74585, -6.17251], [35.74585, -6.17256], [35.74589, -6.17256], [35.74588, -6.17282], [35.74584, -6.17281], [35.74584, -6.17286], [35.74599, -6.17286], [35.74598, -6.17296], [35.74601, -6.17296], [35.74601, -6.17301], [35.74618, -6.17302], [35.74618, -6.1731], [35.74597, -6.1731], [35.74597, -6.17304], [35.74586, -6.17304], [35.74586, -6.17309], [35.7458, -6.17309], [35.7458, -6.17313], [35.74563, -6.17313], [35.74564, -6.17308], [35.7456, -6.17308], [35.74562, -6.17282], [35.74558, -6.17282], [35.74559, -6.17254], [35.74564, -6.17254], [35.74564, -6.1725], [35.74567, -6.1725]]]}, "properties": {"name": "Gaddafi Mosque", "city": "Dodoma", "country": "Tanzania", "cc": "TZ", "wikis": 12, "rank": 1, "osm": "Q15221246", "h": 0}}, {"type": "Feature", "geometry": {"type": "Polygon", "coordinates": [[[100.49194, 13.75003], [100.49186, 13.75003], [100.49185, 13.75026], [100.49218, 13.75027], [100.49219, 13.75004], [100.49194, 13.75003]]]}, "properties": {"name": "Grand Palace", "city": "Bangkok", "country": "Thailand", "cc": "TH", "wikis": 48, "rank": 1, "osm": "Q13017399", "h": 0}}, {"type": "Feature", "geometry": {"type": "Polygon", "coordinates": [[[100.54064, 13.75456], [100.54068, 13.75455], [100.54074, 13.75484], [100.54029, 13.75494], [100.53999, 13.75426], [100.5405, 13.75413], [100.54061, 13.75457], [100.54064, 13.75456]]]}, "properties": {"name": "Baiyoke Tower II", "city": "Bangkok", "country": "Thailand", "cc": "TH", "wikis": 31, "rank": 2, "osm": "Q2880011", "h": 304.0}}, {"type": "Feature", "geometry": {"type": "Polygon", "coordinates": [[[-77.34726, 25.07558], [-77.34727, 25.07537], [-77.34722, 25.07537], [-77.34722, 25.07522], [-77.34745, 25.07521], [-77.34745, 25.07537], [-77.3474, 25.07537], [-77.34742, 25.07558], [-77.34727, 25.0756], [-77.34726, 25.07558]]]}, "properties": {"name": "Roman Catholic Archdiocese of Nassau", "city": "Nassau", "country": "The Bahamas", "cc": "BS", "wikis": 15, "rank": 1, "osm": "Q2912593", "h": 7.0}}, {"type": "Feature", "geometry": {"type": "Polygon", "coordinates": [[[-16.58503, 13.45975], [-16.58483, 13.45969], [-16.58489, 13.45954], [-16.58484, 13.45952], [-16.58488, 13.45942], [-16.58489, 13.45946], [-16.58503, 13.45952], [-16.58512, 13.45951], [-16.58503, 13.45975]]]}, "properties": {"name": "National Library of The Gambia", "city": "Banjul", "country": "The Gambia", "cc": "GM", "wikis": 13, "rank": 1, "osm": "Q6974175", "h": 0}}, {"type": "Feature", "geometry": {"type": "Polygon", "coordinates": [[[125.56756, -8.55849], [125.56764, -8.55853], [125.56773, -8.55851], [125.56779, -8.55848], [125.56781, -8.55842], [125.56796, -8.55844], [125.56795, -8.55849], [125.56801, -8.5585], [125.56802, -8.55845], [125.5681, -8.55847], [125.56813, -8.55834], [125.56812, -8.5582], [125.56806, -8.55811], [125.56773, -8.55821], [125.56773, -8.55815], [125.56759, -8.55814], [125.56753, -8.55818], [125.56757, -8.55825], [125.56755, -8.55824], [125.56752, -8.55834], [125.56757, -8.55843], [125.5676, -8.55841], [125.56756, -8.55849]]]}, "properties": {"name": "Immaculate Conception Cathedral", "city": "Dili", "country": "Timor-Leste", "cc": "TL", "wikis": 13, "rank": 3, "osm": "Q1736176", "h": 0}}, {"type": "Feature", "geometry": {"type": "Polygon", "coordinates": [[[1.22646, 6.12476], [1.22636, 6.12478], [1.22627, 6.12507], [1.2264, 6.12512], [1.22651, 6.12482], [1.22646, 6.12476]]]}, "properties": {"name": "Sacred Heart Cathedral", "city": "Lomé", "country": "Togo", "cc": "TG", "wikis": 8, "rank": 1, "osm": "Q766138", "h": 0}}, {"type": "Feature", "geometry": {"type": "Polygon", "coordinates": [[[-175.20093, -21.13136], [-175.20075, -21.13113], [-175.20055, -21.13126], [-175.20051, -21.13121], [-175.20044, -21.13125], [-175.20048, -21.1313], [-175.20028, -21.13143], [-175.20046, -21.13166], [-175.20064, -21.13155], [-175.20058, -21.13147], [-175.20069, -21.1314], [-175.20075, -21.13148], [-175.20093, -21.13136]]]}, "properties": {"name": "Royal Palace of Nukuʻalofa", "city": "Nukuʻalofa", "country": "Tonga", "cc": "TO", "wikis": 16, "rank": 2, "osm": "Q2992825", "h": 7.0}}, {"type": "Feature", "geometry": {"type": "Polygon", "coordinates": [[[-61.53215, 10.66157], [-61.5321, 10.66193], [-61.5322, 10.66221], [-61.53233, 10.66239], [-61.53258, 10.66253], [-61.53278, 10.66256], [-61.53297, 10.66254], [-61.53314, 10.66247], [-61.53334, 10.6623], [-61.53343, 10.66236], [-61.53396, 10.66154], [-61.53387, 10.66148], [-61.53392, 10.66135], [-61.53393, 10.66102], [-61.53385, 10.66084], [-61.53373, 10.66069], [-61.53358, 10.66059], [-61.53326, 10.66049], [-61.53308, 10.66051], [-61.5329, 10.66057], [-61.53264, 10.66076], [-61.53215, 10.66157]]]}, "properties": {"name": "Cathedral of the Immaculate Conception, Port of Spain", "city": "Port of Spain", "country": "Trinidad and Tobago", "cc": "TT", "wikis": 8, "rank": 1, "osm": "Q702811", "h": 0}}, {"type": "Feature", "geometry": {"type": "Polygon", "coordinates": [[[-61.51052, 10.663], [-61.51013, 10.66301], [-61.51012, 10.66272], [-61.5103, 10.66271], [-61.51031, 10.66287], [-61.51051, 10.66286], [-61.51052, 10.663]]]}, "properties": {"name": "National Museum and Art Gallery", "city": "Port of Spain", "country": "Trinidad and Tobago", "cc": "TT", "wikis": 7, "rank": 2, "osm": "Q6974436", "h": 0}}, {"type": "Feature", "geometry": {"type": "Polygon", "coordinates": [[[10.13469, 36.80967], [10.13413, 36.80969], [10.13413, 36.80972], [10.13368, 36.80971], [10.1337, 36.8091], [10.13391, 36.8091], [10.13391, 36.80904], [10.1337, 36.80903], [10.1337, 36.80896], [10.13403, 36.80896], [10.13403, 36.80902], [10.13449, 36.80903], [10.13449, 36.80899], [10.13473, 36.80899], [10.13473, 36.80915], [10.1348, 36.80915], [10.1348, 36.80941], [10.1347, 36.80941], [10.1347, 36.80944], [10.13477, 36.80944], [10.13476, 36.80967], [10.13469, 36.80967]]]}, "properties": {"name": "Bardo National Museum", "city": "Tunis", "country": "Tunisia", "cc": "TN", "wikis": 35, "rank": 1, "osm": "Q1429003", "h": 0}}, {"type": "Feature", "geometry": {"type": "Polygon", "coordinates": [[[10.17173, 36.79729], [10.1714, 36.79774], [10.17102, 36.7976], [10.171, 36.79763], [10.17094, 36.7976], [10.17095, 36.79757], [10.1707, 36.79747], [10.17073, 36.79744], [10.17069, 36.7974], [10.17078, 36.79728], [10.17084, 36.79731], [10.17119, 36.79688], [10.17182, 36.79727], [10.17178, 36.79731], [10.17173, 36.79729]]]}, "properties": {"name": "Al-Zaytunah Mosque", "city": "Tunis", "country": "Tunisia", "cc": "TN", "wikis": 23, "rank": 3, "osm": "Q1291779", "h": 0}}, {"type": "Feature", "geometry": {"type": "Polygon", "coordinates": [[[32.83739, 39.92479], [32.83783, 39.92505], [32.83764, 39.92522], [32.83772, 39.92528], [32.838, 39.92501], [32.83749, 39.92469], [32.83739, 39.92479]]]}, "properties": {"name": "Anıtkabir", "city": "Ankara", "country": "Turkey", "cc": "TR", "wikis": 52, "rank": 1, "osm": "Q6099419", "h": 9.5}}, {"type": "Feature", "geometry": {"type": "Polygon", "coordinates": [[[32.86123, 39.91642], [32.86083, 39.91724], [32.86016, 39.91705], [32.86055, 39.91623], [32.86123, 39.91642]]]}, "properties": {"name": "Kocatepe Mosque", "city": "Ankara", "country": "Turkey", "cc": "TR", "wikis": 40, "rank": 2, "osm": "Q853935", "h": 0}}, {"type": "Feature", "geometry": {"type": "Polygon", "coordinates": [[[32.86165, 39.93832], [32.86142, 39.93769], [32.86187, 39.93759], [32.86211, 39.93822], [32.86165, 39.93832]]]}, "properties": {"name": "Museum of Anatolian Civilizations", "city": "Ankara", "country": "Turkey", "cc": "TR", "wikis": 39, "rank": 3, "osm": "Q754322", "h": 0}}, {"type": "Feature", "geometry": {"type": "Polygon", "coordinates": [[[58.25177, 38.01825], [58.25243, 38.01873], [58.25328, 38.01871], [58.25388, 38.0182], [58.25384, 38.0175], [58.25314, 38.01701], [58.25232, 38.01705], [58.25171, 38.01757], [58.25177, 38.01825]]]}, "properties": {"name": "Türkmenbaşy Mosque", "city": "Ashgabat", "country": "Turkmenistan", "cc": "TM", "wikis": 24, "rank": 2, "osm": "Q558159", "h": 0}}, {"type": "Feature", "geometry": {"type": "Polygon", "coordinates": [[[58.33326, 37.88188], [58.33328, 37.88206], [58.3332, 37.88211], [58.3332, 37.8822], [58.33301, 37.8823], [58.33304, 37.88234], [58.33323, 37.88223], [58.33335, 37.88226], [58.33342, 37.88222], [58.33363, 37.8823], [58.33365, 37.88226], [58.33344, 37.88218], [58.33343, 37.88211], [58.33333, 37.88205], [58.33332, 37.88188], [58.33326, 37.88188]]]}, "properties": {"name": "Arch of Neutrality", "city": "Ashgabat", "country": "Turkmenistan", "cc": "TM", "wikis": 22, "rank": 3, "osm": "Q2564552", "h": 0}}, {"type": "Feature", "geometry": {"type": "Polygon", "coordinates": [[[30.56228, 50.43199], [30.56246, 50.43202], [30.5625, 50.4319], [30.56232, 50.43188], [30.56228, 50.43199]]]}, "properties": {"name": "Kyiv Pechersk Lavra", "city": "Kyiv", "country": "Ukraine", "cc": "UA", "wikis": 67, "rank": 1, "osm": "Q12100911", "h": 0}}, {"type": "Feature", "geometry": {"type": "Polygon", "coordinates": [[[30.51464, 50.45184], [30.51503, 50.4517], [30.51499, 50.45159], [30.51512, 50.45157], [30.51542, 50.45191], [30.51538, 50.45196], [30.51541, 50.452], [30.51554, 50.45207], [30.51582, 50.45243], [30.51586, 50.45254], [30.51584, 50.45258], [30.51557, 50.45282], [30.51547, 50.45282], [30.51538, 50.4529], [30.51531, 50.45299], [30.51533, 50.45304], [30.51519, 50.45334], [30.51471, 50.45349], [30.51459, 50.45348], [30.51455, 50.45352], [30.51456, 50.45356], [30.51429, 50.45371], [30.5144, 50.45377], [30.51437, 50.45381], [30.51383, 50.45428], [30.51358, 50.45445], [30.51262, 50.45382], [30.51287, 50.45366], [30.51266, 50.45348], [30.51283, 50.45332], [30.51246, 50.45314], [30.51236, 50.453], [30.51236, 50.45293], [30.51248, 50.45283], [30.51191, 50.45239], [30.51235, 50.45214], [30.51244, 50.45215], [30.51257, 50.45206], [30.51255, 50.452], [30.51347, 50.45174], [30.5137, 50.45173], [30.51374, 50.45185], [30.51464, 50.45184]]]}, "properties": {"name": "Saint Sophia Cathedral", "city": "Kyiv", "country": "Ukraine", "cc": "UA", "wikis": 64, "rank": 2, "osm": "Q6978237", "h": 0}}, {"type": "Feature", "geometry": {"type": "Polygon", "coordinates": [[[30.51206, 50.44269], [30.51177, 50.44199], [30.51176, 50.44197], [30.51174, 50.44192], [30.51172, 50.44187], [30.51171, 50.44184], [30.51145, 50.44118], [30.51206, 50.44269]]]}, "properties": {"name": "Taras Shevchenko National University of Kyiv", "city": "Kyiv", "country": "Ukraine", "cc": "UA", "wikis": 61, "rank": 3, "osm": "Q3400240", "h": 0}}, {"type": "Feature", "geometry": {"type": "Polygon", "coordinates": [[[54.47409, 24.41142], [54.47391, 24.4121], [54.4738, 24.41207], [54.47378, 24.41215], [54.47374, 24.41217], [54.47374, 24.41228], [54.47386, 24.4123], [54.47372, 24.41295], [54.47389, 24.41298], [54.47388, 24.41305], [54.47403, 24.41309], [54.47409, 24.4131], [54.47411, 24.41303], [54.47414, 24.41303], [54.47566, 24.41334], [54.47565, 24.41341], [54.47588, 24.41346], [54.47593, 24.41325], [54.47587, 24.41324], [54.47597, 24.41284], [54.47602, 24.41285], [54.47607, 24.41266], [54.47612, 24.41244], [54.47607, 24.41243], [54.47616, 24.41204], [54.47622, 24.41205], [54.47627, 24.41185], [54.47409, 24.41142]]]}, "properties": {"name": "Sheikh Zayed Mosque", "city": "Abu Dhabi", "country": "United Arab Emirates", "cc": "AE", "wikis": 56, "rank": 1, "osm": "Q695604", "h": 33.0}}, {"type": "Feature", "geometry": {"type": "Polygon", "coordinates": [[[54.39821, 24.53467], [54.39793, 24.53501], [54.39788, 24.53498], [54.39808, 24.53473], [54.39765, 24.53446], [54.39779, 24.5343], [54.3975, 24.5341], [54.39759, 24.534], [54.39757, 24.53389], [54.39723, 24.53362], [54.39738, 24.53346], [54.39725, 24.53335], [54.39764, 24.53294], [54.39778, 24.53305], [54.39793, 24.53285], [54.39805, 24.53293], [54.39808, 24.5329], [54.39796, 24.53281], [54.39805, 24.5327], [54.39814, 24.53276], [54.3982, 24.53269], [54.39817, 24.53266], [54.39832, 24.53247], [54.39823, 24.53241], [54.39825, 24.53238], [54.39847, 24.53253], [54.39851, 24.53249], [54.39843, 24.53244], [54.39852, 24.53234], [54.39867, 24.53245], [54.39869, 24.53242], [54.39863, 24.53238], [54.39867, 24.53233], [54.39876, 24.53239], [54.39864, 24.53253], [54.3987, 24.53257], [54.39873, 24.53253], [54.39877, 24.53257], [54.39891, 24.53239], [54.39908, 24.53253], [54.39911, 24.53259], [54.39913, 24.53257], [54.3994, 24.53278], [54.39935, 24.53284], [54.39916, 24.53271], [54.39912, 24.53275], [54.39919, 24.5328], [54.399, 24.53301], [54.39913, 24.53311], [54.39915, 24.53308], [54.39911, 24.53305], [54.39919, 24.53296], [54.39915, 24.53293], [54.3992, 24.53288], [54.39927, 24.53293], [54.39921, 24.53299], [54.39927, 24.53304], [54.39919, 24.53313], [54.39922, 24.53315], [54.39931, 24.53306], [54.39947, 24.53319], [54.39954, 24.53314], [54.3995, 24.53312], [54.39957, 24.53305], [54.39959, 24.53307], [54.39969, 24.53298], [54.39964, 24.53293], [54.39969, 24.53288], [54.39985, 24.533], [54.39973, 24.53313], [54.39989, 24.53324], [54.39985, 24.53328], [54.39995, 24.53337], [54.39999, 24.53334], [54.40008, 24.53342], [54.40016, 24.53354], [54.40006, 24.53365], [54.4, 24.53359], [54.39983, 24.53376], [54.39989, 24.53381], [54.39981, 24.53389], [54.39961, 24.53372], [54.39946, 24.53395], [54.3995, 24.53397], [54.39945, 24.53404], [54.39942, 24.53402], [54.39924, 24.53426], [54.39944, 24.53439], [54.39939, 24.53446], [54.39956, 24.53456], [54.39941, 24.53475], [54.39912, 24.53456], [54.39905, 24.53466], [54.39917, 24.53473], [54.39908, 24.53484], [54.39889, 24.53471], [54.39894, 24.53464], [54.3988, 24.53455], [54.39843, 24.53494], [54.39825, 24.5348], [54.3983, 24.53475], [54.39821, 24.53467]]]}, "properties": {"name": "Louvre Abu Dhabi", "city": "Abu Dhabi", "country": "United Arab Emirates", "cc": "AE", "wikis": 35, "rank": 2, "osm": "Q3176133", "h": 10.0}}, {"type": "Feature", "geometry": {"type": "Polygon", "coordinates": [[[-0.14247, 51.50165], [-0.1422, 51.50176], [-0.14187, 51.50143], [-0.14184, 51.50144], [-0.14172, 51.50133], [-0.14169, 51.5013], [-0.14172, 51.50129], [-0.14134, 51.50095], [-0.14161, 51.50085], [-0.1413, 51.50055], [-0.14145, 51.50049], [-0.1417, 51.50073], [-0.14187, 51.50066], [-0.14184, 51.50062], [-0.14195, 51.50058], [-0.14198, 51.50061], [-0.14216, 51.50054], [-0.14183, 51.50024], [-0.142, 51.50017], [-0.14195, 51.50011], [-0.14237, 51.49994], [-0.14242, 51.49998], [-0.14257, 51.49992], [-0.14247, 51.49982], [-0.14239, 51.49986], [-0.14233, 51.4998], [-0.14252, 51.49972], [-0.14291, 51.50012], [-0.14285, 51.50014], [-0.1429, 51.50019], [-0.14296, 51.50017], [-0.14306, 51.50026], [-0.14282, 51.50036], [-0.14287, 51.50041], [-0.14283, 51.50043], [-0.14298, 51.50057], [-0.14302, 51.50056], [-0.14316, 51.50072], [-0.14329, 51.50072], [-0.14332, 51.50078], [-0.14327, 51.50082], [-0.14346, 51.50097], [-0.14343, 51.50098], [-0.14357, 51.50113], [-0.14361, 51.50111], [-0.14366, 51.50116], [-0.14391, 51.50106], [-0.14402, 51.50116], [-0.14366, 51.50131], [-0.14355, 51.50121], [-0.14304, 51.50142], [-0.14302, 51.5014], [-0.14297, 51.50143], [-0.14299, 51.50145], [-0.14252, 51.50164], [-0.14278, 51.50188], [-0.14282, 51.50186], [-0.14287, 51.50191], [-0.14278, 51.50194], [-0.14263, 51.50183], [-0.14247, 51.50165]]]}, "properties": {"name": "Buckingham Palace", "city": "London", "country": "United Kingdom", "cc": "GB", "wikis": 95, "rank": 1, "osm": "Q42182", "h": 23.4}}, {"type": "Feature", "geometry": {"type": "Polygon", "coordinates": [[[-0.12726, 51.4991], [-0.12756, 51.4991], [-0.12761, 51.49913], [-0.12756, 51.49915], [-0.12755, 51.49919], [-0.12759, 51.49919], [-0.12754, 51.49925], [-0.12758, 51.49926], [-0.12761, 51.49922], [-0.12762, 51.49926], [-0.12768, 51.49927], [-0.12769, 51.49923], [-0.1277, 51.49927], [-0.12777, 51.49927], [-0.12777, 51.49923], [-0.12779, 51.49927], [-0.12788, 51.49924], [-0.12787, 51.49928], [-0.12793, 51.49928], [-0.12796, 51.49924], [-0.12795, 51.49928], [-0.12802, 51.49928], [-0.12804, 51.49925], [-0.12804, 51.49929], [-0.12812, 51.49929], [-0.12812, 51.49933], [-0.12818, 51.49933], [-0.12818, 51.4993], [-0.12826, 51.49934], [-0.12827, 51.4993], [-0.12828, 51.49934], [-0.12834, 51.49934], [-0.12834, 51.49931], [-0.12853, 51.49932], [-0.1285, 51.49936], [-0.12851, 51.49941], [-0.12855, 51.49941], [-0.12853, 51.49953], [-0.12848, 51.49954], [-0.12848, 51.49962], [-0.1283, 51.49961], [-0.1283, 51.49957], [-0.12825, 51.49957], [-0.12825, 51.4996], [-0.12822, 51.4996], [-0.12823, 51.49957], [-0.12816, 51.49957], [-0.12816, 51.4996], [-0.12808, 51.49956], [-0.12808, 51.49959], [-0.12806, 51.49956], [-0.12797, 51.49959], [-0.12797, 51.49956], [-0.12791, 51.49955], [-0.12791, 51.49958], [-0.12789, 51.49955], [-0.12783, 51.49955], [-0.12781, 51.49958], [-0.12781, 51.49955], [-0.12775, 51.49954], [-0.12774, 51.49957], [-0.12773, 51.49954], [-0.12766, 51.49954], [-0.12764, 51.49957], [-0.12765, 51.49954], [-0.12758, 51.49953], [-0.12756, 51.49956], [-0.12756, 51.49953], [-0.1275, 51.49953], [-0.12749, 51.49957], [-0.12754, 51.49958], [-0.12749, 51.49958], [-0.12749, 51.49962], [-0.12753, 51.49964], [-0.12749, 51.49963], [-0.12748, 51.49968], [-0.12752, 51.4997], [-0.12747, 51.49973], [-0.12707, 51.4997], [-0.12704, 51.49966], [-0.12708, 51.49966], [-0.12709, 51.49961], [-0.12705, 51.4996], [-0.12709, 51.4996], [-0.1271, 51.49956], [-0.12692, 51.49957], [-0.12684, 51.49951], [-0.12673, 51.49951], [-0.12669, 51.49946], [-0.12632, 51.49944], [-0.12623, 51.49938], [-0.12626, 51.49932], [-0.12624, 51.4993], [-0.12633, 51.49925], [-0.12645, 51.49924], [-0.12674, 51.49926], [-0.12682, 51.49921], [-0.12689, 51.49923], [-0.12692, 51.49919], [-0.12698, 51.49918], [-0.12705, 51.4992], [-0.12706, 51.49923], [-0.12715, 51.49922], [-0.12715, 51.49918], [-0.12711, 51.49918], [-0.12715, 51.49917], [-0.12714, 51.4991], [-0.12726, 51.4991]]]}, "properties": {"name": "Westminster Abbey", "city": "London", "country": "United Kingdom", "cc": "GB", "wikis": 91, "rank": 2, "osm": "Q5933", "h": 7.0}}, {"type": "Feature", "geometry": {"type": "Polygon", "coordinates": [[[-0.12466, 51.50065], [-0.12449, 51.50063], [-0.12446, 51.50074], [-0.12466, 51.50077], [-0.12466, 51.50065]]]}, "properties": {"name": "Big Ben", "city": "London", "country": "United Kingdom", "cc": "GB", "wikis": 88, "rank": 3, "osm": "Q41225", "h": 96.0}}, {"type": "Feature", "geometry": {"type": "Polygon", "coordinates": [[[-77.0367, 38.8977], [-77.0367, 38.8978], [-77.03681, 38.8978], [-77.03681, 38.8977], [-77.0367, 38.8977]]]}, "properties": {"name": "White House", "city": "Washington, D.C.", "country": "United States", "cc": "US", "wikis": 143, "rank": 1, "osm": "Q3469949", "h": 0}}, {"type": "Feature", "geometry": {"type": "Polygon", "coordinates": [[[-77.00417, 38.88889], [-77.00406, 38.88889], [-77.00406, 38.8888], [-77.00387, 38.88878], [-77.00387, 38.88859], [-77.00406, 38.88856], [-77.00406, 38.88848], [-77.00418, 38.88848], [-77.00418, 38.88821], [-77.00412, 38.8882], [-77.00412, 38.88806], [-77.00416, 38.88803], [-77.00434, 38.88803], [-77.00435, 38.88807], [-77.00531, 38.88804], [-77.00532, 38.8882], [-77.00528, 38.88822], [-77.00528, 38.88849], [-77.00542, 38.88849], [-77.00541, 38.88887], [-77.00528, 38.88888], [-77.00528, 38.88915], [-77.00532, 38.88917], [-77.00532, 38.88931], [-77.00511, 38.88933], [-77.00509, 38.8893], [-77.00435, 38.8893], [-77.00434, 38.88933], [-77.00416, 38.88933], [-77.00412, 38.88931], [-77.00412, 38.88917], [-77.00418, 38.88915], [-77.00417, 38.88889]]]}, "properties": {"name": "Library of Congress", "city": "Washington, D.C.", "country": "United States", "cc": "US", "wikis": 103, "rank": 2, "osm": "Q2615945", "h": 0}}, {"type": "Feature", "geometry": {"type": "Polygon", "coordinates": [[[-77.00908, 38.8898], [-77.00907, 38.8898], [-77.00907, 38.8898], [-77.00906, 38.8898], [-77.00906, 38.8898], [-77.00906, 38.88981], [-77.00906, 38.88981], [-77.00906, 38.88981], [-77.00907, 38.88981], [-77.00907, 38.88981], [-77.00908, 38.88981], [-77.00908, 38.88981], [-77.00908, 38.88981], [-77.00908, 38.88981], [-77.00908, 38.8898], [-77.00908, 38.8898], [-77.00908, 38.8898]]]}, "properties": {"name": "United States Capitol", "city": "Washington, D.C.", "country": "United States", "cc": "US", "wikis": 77, "rank": 3, "osm": "Q2063546", "h": 87.6}}, {"type": "Feature", "geometry": {"type": "Polygon", "coordinates": [[[-56.18714, -34.89089], [-56.18712, -34.89084], [-56.1869, -34.89091], [-56.18692, -34.89095], [-56.18658, -34.89106], [-56.18666, -34.89123], [-56.18663, -34.89124], [-56.18665, -34.89129], [-56.18662, -34.8913], [-56.1867, -34.89146], [-56.18678, -34.89147], [-56.18687, -34.89166], [-56.1872, -34.89153], [-56.18722, -34.89158], [-56.18745, -34.89151], [-56.18743, -34.89146], [-56.18777, -34.89136], [-56.18768, -34.89118], [-56.18768, -34.89113], [-56.18773, -34.89112], [-56.18764, -34.89094], [-56.18755, -34.89094], [-56.18747, -34.89078], [-56.18714, -34.89089]]]}, "properties": {"name": "Legislative Palace", "city": "Montevideo", "country": "Uruguay", "cc": "UY", "wikis": 17, "rank": 1, "osm": "Q283417", "h": 0}}, {"type": "Feature", "geometry": {"type": "Polygon", "coordinates": [[[-56.17776, -34.90275], [-56.17723, -34.90254], [-56.17698, -34.90298], [-56.17754, -34.90319], [-56.17776, -34.90275]]]}, "properties": {"name": "National Library of Uruguay", "city": "Montevideo", "country": "Uruguay", "cc": "UY", "wikis": 17, "rank": 2, "osm": "Q856377", "h": 0}}, {"type": "Feature", "geometry": {"type": "Polygon", "coordinates": [[[-56.20481, -34.90717], [-56.20474, -34.90715], [-56.20477, -34.90709], [-56.20416, -34.90689], [-56.20419, -34.90684], [-56.20411, -34.90682], [-56.20394, -34.90716], [-56.20406, -34.9072], [-56.20408, -34.90715], [-56.20464, -34.90733], [-56.20467, -34.90728], [-56.20483, -34.90728], [-56.20485, -34.90724], [-56.20481, -34.90717]]]}, "properties": {"name": "Metropolitan Basilica Cathedral of the Immaculate Conception and San Felipe and Santiago", "city": "Montevideo", "country": "Uruguay", "cc": "UY", "wikis": 16, "rank": 3, "osm": "Q1050600", "h": 0}}, {"type": "Feature", "geometry": {"type": "Polygon", "coordinates": [[[69.23585, 41.32371], [69.23639, 41.32381], [69.23656, 41.32327], [69.23665, 41.32327], [69.23669, 41.32311], [69.23603, 41.32301], [69.23599, 41.32316], [69.23603, 41.32317], [69.23585, 41.32371]]]}, "properties": {"name": "Kukeldash Madrasah", "city": "Tashkent", "country": "Uzbekistan", "cc": "UZ", "wikis": 22, "rank": 1, "osm": "Q493304", "h": 0}}, {"type": "Feature", "geometry": {"type": "Polygon", "coordinates": [[[69.2788, 41.31338], [69.27867, 41.31345], [69.27859, 41.31354], [69.27855, 41.31365], [69.27856, 41.31376], [69.27872, 41.31395], [69.27885, 41.314], [69.27912, 41.314], [69.27925, 41.31395], [69.27935, 41.31387], [69.27941, 41.31378], [69.27943, 41.31367], [69.27933, 41.31347], [69.27923, 41.3134], [69.27909, 41.31336], [69.27894, 41.31335], [69.2788, 41.31338]]]}, "properties": {"name": "Amir Timur Museum", "city": "Tashkent", "country": "Uzbekistan", "cc": "UZ", "wikis": 20, "rank": 2, "osm": "Q4120971", "h": 0}}, {"type": "Feature", "geometry": {"type": "Polygon", "coordinates": [[[69.2779, 41.303], [69.27813, 41.30314], [69.27838, 41.30294], [69.27836, 41.30293], [69.2784, 41.30289], [69.27846, 41.30293], [69.2785, 41.30289], [69.27779, 41.30244], [69.27743, 41.30276], [69.27787, 41.30303], [69.2779, 41.303]]]}, "properties": {"name": "State Art Museum of Uzbekistan", "city": "Tashkent", "country": "Uzbekistan", "cc": "UZ", "wikis": 17, "rank": 3, "osm": "Q4146885", "h": 0}}, {"type": "Feature", "geometry": {"type": "Polygon", "coordinates": [[[12.4548, 41.90251], [12.45428, 41.90251], [12.45428, 41.9026], [12.454, 41.9026], [12.454, 41.90264], [12.45377, 41.90262], [12.4536, 41.90272], [12.45347, 41.90285], [12.45334, 41.90287], [12.45321, 41.90282], [12.45313, 41.90273], [12.45298, 41.90267], [12.45297, 41.90264], [12.45267, 41.90265], [12.45267, 41.90253], [12.45271, 41.90253], [12.45271, 41.90247], [12.45257, 41.90236], [12.45258, 41.90233], [12.45242, 41.90224], [12.4524, 41.90214], [12.45243, 41.90208], [12.45258, 41.902], [12.45268, 41.90188], [12.45271, 41.90188], [12.45272, 41.90167], [12.45298, 41.90168], [12.45299, 41.90165], [12.45317, 41.90159], [12.45326, 41.90148], [12.45334, 41.90146], [12.45346, 41.90146], [12.45367, 41.90162], [12.45366, 41.90151], [12.45373, 41.90151], [12.45372, 41.90164], [12.45378, 41.90169], [12.45405, 41.90168], [12.45415, 41.90172], [12.45429, 41.90172], [12.45433, 41.90173], [12.45434, 41.90182], [12.45475, 41.90182], [12.45475, 41.90166], [12.45481, 41.90163], [12.45502, 41.90164], [12.45501, 41.90268], [12.45482, 41.90267], [12.4548, 41.90251]]]}, "properties": {"name": "St. Peter's Basilica", "city": "Vatican City", "country": "Vatican City", "cc": "VA", "wikis": 129, "rank": 1, "osm": "Q12512", "h": 54.0}}, {"type": "Feature", "geometry": {"type": "Polygon", "coordinates": [[[12.45413, 41.90284], [12.45413, 41.90303], [12.45468, 41.90303], [12.45468, 41.90284], [12.45413, 41.90284]]]}, "properties": {"name": "Sistine Chapel", "city": "Vatican City", "country": "Vatican City", "cc": "VA", "wikis": 90, "rank": 2, "osm": "Q2943", "h": 0}}, {"type": "Feature", "geometry": {"type": "Polygon", "coordinates": [[[12.45409, 41.90522], [12.4541, 41.90509], [12.4543, 41.9051], [12.45429, 41.90521], [12.45409, 41.90522]]]}, "properties": {"name": "Vatican Library", "city": "Vatican City", "country": "Vatican City", "cc": "VA", "wikis": 71, "rank": 3, "osm": "Q2460920", "h": 0}}, {"type": "Feature", "geometry": {"type": "Polygon", "coordinates": [[[-66.89544, 10.50162], [-66.89535, 10.50161], [-66.8952, 10.50168], [-66.89516, 10.50167], [-66.89514, 10.50175], [-66.89517, 10.50176], [-66.89516, 10.50188], [-66.89526, 10.50206], [-66.89547, 10.502], [-66.89562, 10.5019], [-66.89569, 10.50192], [-66.89574, 10.50188], [-66.89566, 10.50176], [-66.89544, 10.50162]]]}, "properties": {"name": "Mosque of Sheikh Ibrahim Al-Ibrahim", "city": "Caracas", "country": "Venezuela", "cc": "VE", "wikis": 17, "rank": 1, "osm": "Q1815635", "h": 60.0}}, {"type": "Feature", "geometry": {"type": "Polygon", "coordinates": [[[-66.91158, 10.51266], [-66.91185, 10.51272], [-66.91202, 10.51195], [-66.91255, 10.51207], [-66.91271, 10.51136], [-66.91191, 10.51119], [-66.91158, 10.51266]]]}, "properties": {"name": "National Library of Venezuela", "city": "Caracas", "country": "Venezuela", "cc": "VE", "wikis": 15, "rank": 2, "osm": "Q610753", "h": 21.0}}, {"type": "Feature", "geometry": {"type": "Polygon", "coordinates": [[[-66.91281, 10.51288], [-66.91266, 10.5135], [-66.91232, 10.51343], [-66.91246, 10.5128], [-66.91281, 10.51288]]]}, "properties": {"name": "National Pantheon", "city": "Caracas", "country": "Venezuela", "cc": "VE", "wikis": 13, "rank": 3, "osm": "Q994694", "h": 0}}, {"type": "Feature", "geometry": {"type": "Polygon", "coordinates": [[[105.84004, 21.03275], [105.83965, 21.0328], [105.83961, 21.03243], [105.83999, 21.03238], [105.84004, 21.03275]]]}, "properties": {"name": "Imperial Citadel of Thang Long", "city": "Hanoi", "country": "Vietnam", "cc": "VN", "wikis": 41, "rank": 1, "osm": "Q864752", "h": 0}}, {"type": "Feature", "geometry": {"type": "Polygon", "coordinates": [[[105.83481, 21.03691], [105.83482, 21.03694], [105.8349, 21.03693], [105.83482, 21.03657], [105.83475, 21.03658], [105.83475, 21.03662], [105.83449, 21.03667], [105.83455, 21.03696], [105.83481, 21.03691]]]}, "properties": {"name": "Ho Chi Minh Mausoleum", "city": "Hanoi", "country": "Vietnam", "cc": "VN", "wikis": 35, "rank": 2, "osm": "Q874234", "h": 7.8}}, {"type": "Feature", "geometry": {"type": "Polygon", "coordinates": [[[105.83589, 21.02891], [105.83613, 21.02882], [105.83604, 21.02861], [105.8358, 21.02869], [105.83589, 21.02891]]]}, "properties": {"name": "Temple of Literature", "city": "Hanoi", "country": "Vietnam", "cc": "VN", "wikis": 30, "rank": 3, "osm": "Q110923596", "h": 0}}, {"type": "Feature", "geometry": {"type": "Polygon", "coordinates": [[[44.21448, 15.35331], [44.21501, 15.3536], [44.21532, 15.35298], [44.21478, 15.35269], [44.21448, 15.35331]]]}, "properties": {"name": "Great Mosque of Sana'a", "city": "Sanaa", "country": "Yemen", "cc": "YE", "wikis": 21, "rank": 1, "osm": "Q2548705", "h": 0}}, {"type": "Feature", "geometry": {"type": "Polygon", "coordinates": [[[44.2085, 15.32541], [44.20855, 15.32526], [44.20854, 15.32517], [44.20847, 15.32504], [44.20832, 15.32495], [44.2081, 15.32496], [44.208, 15.32502], [44.20793, 15.32512], [44.20786, 15.32509], [44.20762, 15.32552], [44.20735, 15.32539], [44.20728, 15.32552], [44.20716, 15.32546], [44.20692, 15.3259], [44.20706, 15.32597], [44.20697, 15.32613], [44.20823, 15.32675], [44.20831, 15.3266], [44.20844, 15.32666], [44.20868, 15.32621], [44.20855, 15.32615], [44.20862, 15.32602], [44.20834, 15.32587], [44.20857, 15.32545], [44.2085, 15.32541]]]}, "properties": {"name": "Al Saleh Mosque", "city": "Sanaa", "country": "Yemen", "cc": "YE", "wikis": 17, "rank": 2, "osm": "Q4115837", "h": 0}}, {"type": "Feature", "geometry": {"type": "Polygon", "coordinates": [[[31.04936, -17.826], [31.04929, -17.82612], [31.04932, -17.82625], [31.04944, -17.82632], [31.04958, -17.82629], [31.04966, -17.82618], [31.04962, -17.82605], [31.0495, -17.82597], [31.04936, -17.826]]]}, "properties": {"name": "National Gallery of Zimbabwe", "city": "Harare", "country": "Zimbabwe", "cc": "ZW", "wikis": 13, "rank": 1, "osm": "Q1025119", "h": 120.0}}]}